{"timestamp":"2026-08-15T10:23:45.800994Z","level":"INFO","fields":{"message":"python/3.14.5; huggingface_hub/1.27.0; hf_xet/1.6.0; , xet-core revision de71453-modified"},"filename":"D:\\a\\xet-core\\xet-core\\xet_runtime\\src\\logging\\init.rs","line_number":71}
{"timestamp":"2026-08-15T10:23:45.801031Z","level":"INFO","fields":{"message":"hf_xet logging configured."},"filename":"src\\logging.rs","line_number":36}
{"timestamp":"2026-08-15T10:23:45.801226Z","level":"INFO","fields":{"message":"Config: min_spacing_between_global_dedup_queries = 256 (default)"},"filename":"D:\\a\\xet-core\\xet-core\\xet_runtime\\src\\utils\\configuration_utils.rs","line_number":54}
{"timestamp":"2026-08-15T10:23:45.801232Z","level":"INFO","fields":{"message":"Config: local_cas_scheme = \"local://\" (default)"},"filename":"D:\\a\\xet-core\\xet-core\\xet_runtime\\src\\utils\\configuration_utils.rs","line_number":54}
{"timestamp":"2026-08-15T10:23:45.801239Z","level":"INFO","fields":{"message":"Config: max_concurrent_file_ingestion = 8 (default)"},"filename":"D:\\a\\xet-core\\xet-core\\xet_runtime\\src\\utils\\configuration_utils.rs","line_number":54}
{"timestamp":"2026-08-15T10:23:45.801242Z","level":"INFO","fields":{"message":"Config: max_concurrent_file_downloads = 8 (default)"},"filename":"D:\\a\\xet-core\\xet-core\\xet_runtime\\src\\utils\\configuration_utils.rs","line_number":54}
{"timestamp":"2026-08-15T10:23:45.801246Z","level":"INFO","fields":{"message":"Config: ingestion_block_size = 8MB (default)"},"filename":"D:\\a\\xet-core\\xet-core\\xet_runtime\\src\\utils\\configuration_utils.rs","line_number":54}
{"timestamp":"2026-08-15T10:23:45.801254Z","level":"INFO","fields":{"message":"Config: progress_update_interval = 200ms (default)"},"filename":"D:\\a\\xet-core\\xet-core\\xet_runtime\\src\\utils\\configuration_utils.rs","line_number":54}
{"timestamp":"2026-08-15T10:23:45.801259Z","level":"INFO","fields":{"message":"Config: progress_update_speed_sampling_window = 10s (default)"},"filename":"D:\\a\\xet-core\\xet-core\\xet_runtime\\src\\utils\\configuration_utils.rs","line_number":54}
{"timestamp":"2026-08-15T10:23:45.801263Z","level":"INFO","fields":{"message":"Config: progress_update_speed_min_observations = 4 (default)"},"filename":"D:\\a\\xet-core\\xet-core\\xet_runtime\\src\\utils\\configuration_utils.rs","line_number":54}
{"timestamp":"2026-08-15T10:23:45.801267Z","level":"INFO","fields":{"message":"Config: session_xorb_metadata_flush_interval = 20s (default)"},"filename":"D:\\a\\xet-core\\xet-core\\xet_runtime\\src\\utils\\configuration_utils.rs","line_number":54}
{"timestamp":"2026-08-15T10:23:45.801271Z","level":"INFO","fields":{"message":"Config: session_xorb_metadata_flush_max_count = 64 (default)"},"filename":"D:\\a\\xet-core\\xet-core\\xet_runtime\\src\\utils\\configuration_utils.rs","line_number":54}
{"timestamp":"2026-08-15T10:23:45.801274Z","level":"INFO","fields":{"message":"Config: default_cas_endpoint = \"http://localhost:8080\" (default)"},"filename":"D:\\a\\xet-core\\xet-core\\xet_runtime\\src\\utils\\configuration_utils.rs","line_number":54}
{"timestamp":"2026-08-15T10:23:45.801277Z","level":"INFO","fields":{"message":"Config: aggregate_progress = true (default)"},"filename":"D:\\a\\xet-core\\xet-core\\xet_runtime\\src\\utils\\configuration_utils.rs","line_number":54}
{"timestamp":"2026-08-15T10:23:45.801281Z","level":"INFO","fields":{"message":"Config: default_prefix = \"default\" (default)"},"filename":"D:\\a\\xet-core\\xet-core\\xet_runtime\\src\\utils\\configuration_utils.rs","line_number":54}
{"timestamp":"2026-08-15T10:23:45.801284Z","level":"INFO","fields":{"message":"Config: staging_subdir = \"staging\" (default)"},"filename":"D:\\a\\xet-core\\xet-core\\xet_runtime\\src\\utils\\configuration_utils.rs","line_number":54}
{"timestamp":"2026-08-15T10:23:45.801287Z","level":"INFO","fields":{"message":"Config: target_size = 67108864 (default)"},"filename":"D:\\a\\xet-core\\xet-core\\xet_runtime\\src\\utils\\configuration_utils.rs","line_number":54}
{"timestamp":"2026-08-15T10:23:45.801291Z","level":"INFO","fields":{"message":"Config: max_target_size = 67108864 (default)"},"filename":"D:\\a\\xet-core\\xet-core\\xet_runtime\\src\\utils\\configuration_utils.rs","line_number":54}
{"timestamp":"2026-08-15T10:23:45.801295Z","level":"INFO","fields":{"message":"Config: cache_size_limit = 16GB (default)"},"filename":"D:\\a\\xet-core\\xet-core\\xet_runtime\\src\\utils\\configuration_utils.rs","line_number":54}
{"timestamp":"2026-08-15T10:23:45.801299Z","level":"INFO","fields":{"message":"Config: chunk_index_table_max_size = 67108864 (default)"},"filename":"D:\\a\\xet-core\\xet-core\\xet_runtime\\src\\utils\\configuration_utils.rs","line_number":54}
{"timestamp":"2026-08-15T10:23:45.801302Z","level":"INFO","fields":{"message":"Config: cache_subdir = \"shard-cache\" (default)"},"filename":"D:\\a\\xet-core\\xet-core\\xet_runtime\\src\\utils\\configuration_utils.rs","line_number":54}
{"timestamp":"2026-08-15T10:23:45.801305Z","level":"INFO","fields":{"message":"Config: nranges_in_streaming_fragmentation_estimator = 128 (default)"},"filename":"D:\\a\\xet-core\\xet-core\\xet_runtime\\src\\utils\\configuration_utils.rs","line_number":54}
{"timestamp":"2026-08-15T10:23:45.801309Z","level":"INFO","fields":{"message":"Config: min_n_chunks_per_range_hysteresis_factor = 0.5 (default)"},"filename":"D:\\a\\xet-core\\xet-core\\xet_runtime\\src\\utils\\configuration_utils.rs","line_number":54}
{"timestamp":"2026-08-15T10:23:45.801341Z","level":"INFO","fields":{"message":"Config: min_n_chunks_per_range = 8.0 (default)"},"filename":"D:\\a\\xet-core\\xet-core\\xet_runtime\\src\\utils\\configuration_utils.rs","line_number":54}
{"timestamp":"2026-08-15T10:23:45.801346Z","level":"INFO","fields":{"message":"Config: global_dedup_query_enabled = true (default)"},"filename":"D:\\a\\xet-core\\xet-core\\xet_runtime\\src\\utils\\configuration_utils.rs","line_number":54}
{"timestamp":"2026-08-15T10:23:45.801349Z","level":"INFO","fields":{"message":"Config: size_bytes = 0 (default)"},"filename":"D:\\a\\xet-core\\xet-core\\xet_runtime\\src\\utils\\configuration_utils.rs","line_number":54}
{"timestamp":"2026-08-15T10:23:45.801351Z","level":"INFO","fields":{"message":"Config: retry_max_attempts = 5 (default)"},"filename":"D:\\a\\xet-core\\xet-core\\xet_runtime\\src\\utils\\configuration_utils.rs","line_number":54}
{"timestamp":"2026-08-15T10:23:45.801354Z","level":"INFO","fields":{"message":"Config: retry_base_delay = 3s (default)"},"filename":"D:\\a\\xet-core\\xet-core\\xet_runtime\\src\\utils\\configuration_utils.rs","line_number":54}
{"timestamp":"2026-08-15T10:23:45.801357Z","level":"INFO","fields":{"message":"Config: retry_max_duration = 360s (default)"},"filename":"D:\\a\\xet-core\\xet-core\\xet_runtime\\src\\utils\\configuration_utils.rs","line_number":54}
{"timestamp":"2026-08-15T10:23:45.801360Z","level":"INFO","fields":{"message":"Config: idle_connection_timeout = 60s (default)"},"filename":"D:\\a\\xet-core\\xet-core\\xet_runtime\\src\\utils\\configuration_utils.rs","line_number":54}
{"timestamp":"2026-08-15T10:23:45.801363Z","level":"INFO","fields":{"message":"Config: max_idle_connections = 16 (default)"},"filename":"D:\\a\\xet-core\\xet-core\\xet_runtime\\src\\utils\\configuration_utils.rs","line_number":54}
{"timestamp":"2026-08-15T10:23:45.801365Z","level":"INFO","fields":{"message":"Config: connect_timeout = 60s (default)"},"filename":"D:\\a\\xet-core\\xet-core\\xet_runtime\\src\\utils\\configuration_utils.rs","line_number":54}
{"timestamp":"2026-08-15T10:23:45.801368Z","level":"INFO","fields":{"message":"Config: read_timeout = 300s (default)"},"filename":"D:\\a\\xet-core\\xet-core\\xet_runtime\\src\\utils\\configuration_utils.rs","line_number":54}
{"timestamp":"2026-08-15T10:23:45.801371Z","level":"INFO","fields":{"message":"Config: upload_reporting_block_size = 524288 (default)"},"filename":"D:\\a\\xet-core\\xet-core\\xet_runtime\\src\\utils\\configuration_utils.rs","line_number":54}
{"timestamp":"2026-08-15T10:23:45.801375Z","level":"INFO","fields":{"message":"Config: enable_adaptive_concurrency = true (default)"},"filename":"D:\\a\\xet-core\\xet-core\\xet_runtime\\src\\utils\\configuration_utils.rs","line_number":54}
{"timestamp":"2026-08-15T10:23:45.801378Z","level":"INFO","fields":{"message":"Config: ac_min_adjustment_window_ms = 500 (default)"},"filename":"D:\\a\\xet-core\\xet-core\\xet_runtime\\src\\utils\\configuration_utils.rs","line_number":54}
{"timestamp":"2026-08-15T10:23:45.801381Z","level":"INFO","fields":{"message":"Config: ac_min_bytes_required_for_adjustment = 20MB (default)"},"filename":"D:\\a\\xet-core\\xet-core\\xet_runtime\\src\\utils\\configuration_utils.rs","line_number":54}
{"timestamp":"2026-08-15T10:23:45.801384Z","level":"INFO","fields":{"message":"Config: ac_num_transmissions_required_for_adjustment = 1 (default)"},"filename":"D:\\a\\xet-core\\xet-core\\xet_runtime\\src\\utils\\configuration_utils.rs","line_number":54}
{"timestamp":"2026-08-15T10:23:45.801387Z","level":"INFO","fields":{"message":"Config: ac_latency_rtt_half_life = 64.0 (default)"},"filename":"D:\\a\\xet-core\\xet-core\\xet_runtime\\src\\utils\\configuration_utils.rs","line_number":54}
{"timestamp":"2026-08-15T10:23:45.801390Z","level":"INFO","fields":{"message":"Config: ac_success_tracking_half_life = 8.0 (default)"},"filename":"D:\\a\\xet-core\\xet-core\\xet_runtime\\src\\utils\\configuration_utils.rs","line_number":54}
{"timestamp":"2026-08-15T10:23:45.801393Z","level":"INFO","fields":{"message":"Config: ac_target_rtt = 60s (default)"},"filename":"D:\\a\\xet-core\\xet-core\\xet_runtime\\src\\utils\\configuration_utils.rs","line_number":54}
{"timestamp":"2026-08-15T10:23:45.801396Z","level":"INFO","fields":{"message":"Config: ac_max_healthy_rtt = 90s (default)"},"filename":"D:\\a\\xet-core\\xet-core\\xet_runtime\\src\\utils\\configuration_utils.rs","line_number":54}
{"timestamp":"2026-08-15T10:23:45.801399Z","level":"INFO","fields":{"message":"Config: ac_rtt_success_max_quantile = 0.95 (default)"},"filename":"D:\\a\\xet-core\\xet-core\\xet_runtime\\src\\utils\\configuration_utils.rs","line_number":54}
{"timestamp":"2026-08-15T10:23:45.801402Z","level":"INFO","fields":{"message":"Config: ac_healthy_success_ratio_threshold = 0.8 (default)"},"filename":"D:\\a\\xet-core\\xet-core\\xet_runtime\\src\\utils\\configuration_utils.rs","line_number":54}
{"timestamp":"2026-08-15T10:23:45.801405Z","level":"INFO","fields":{"message":"Config: ac_unhealthy_success_ratio_threshold = 0.5 (default)"},"filename":"D:\\a\\xet-core\\xet-core\\xet_runtime\\src\\utils\\configuration_utils.rs","line_number":54}
{"timestamp":"2026-08-15T10:23:45.801408Z","level":"INFO","fields":{"message":"Config: ac_max_reference_transmission_size = 64MB (default)"},"filename":"D:\\a\\xet-core\\xet-core\\xet_runtime\\src\\utils\\configuration_utils.rs","line_number":54}
{"timestamp":"2026-08-15T10:23:45.801411Z","level":"INFO","fields":{"message":"Config: ac_min_reference_transmission_size = 1MB (default)"},"filename":"D:\\a\\xet-core\\xet-core\\xet_runtime\\src\\utils\\configuration_utils.rs","line_number":54}
{"timestamp":"2026-08-15T10:23:45.801414Z","level":"INFO","fields":{"message":"Config: ac_logging_interval_ms = 10000 (default)"},"filename":"D:\\a\\xet-core\\xet-core\\xet_runtime\\src\\utils\\configuration_utils.rs","line_number":54}
{"timestamp":"2026-08-15T10:23:45.801417Z","level":"INFO","fields":{"message":"Config: ac_max_upload_concurrency = 64 (default)"},"filename":"D:\\a\\xet-core\\xet-core\\xet_runtime\\src\\utils\\configuration_utils.rs","line_number":54}
{"timestamp":"2026-08-15T10:23:45.801421Z","level":"INFO","fields":{"message":"Config: ac_min_upload_concurrency = 1 (default)"},"filename":"D:\\a\\xet-core\\xet-core\\xet_runtime\\src\\utils\\configuration_utils.rs","line_number":54}
{"timestamp":"2026-08-15T10:23:45.801424Z","level":"INFO","fields":{"message":"Config: ac_initial_upload_concurrency = 2 (default)"},"filename":"D:\\a\\xet-core\\xet-core\\xet_runtime\\src\\utils\\configuration_utils.rs","line_number":54}
{"timestamp":"2026-08-15T10:23:45.801427Z","level":"INFO","fields":{"message":"Config: ac_max_download_concurrency = 64 (default)"},"filename":"D:\\a\\xet-core\\xet-core\\xet_runtime\\src\\utils\\configuration_utils.rs","line_number":54}
{"timestamp":"2026-08-15T10:23:45.801430Z","level":"INFO","fields":{"message":"Config: ac_min_download_concurrency = 1 (default)"},"filename":"D:\\a\\xet-core\\xet-core\\xet_runtime\\src\\utils\\configuration_utils.rs","line_number":54}
{"timestamp":"2026-08-15T10:23:45.801433Z","level":"INFO","fields":{"message":"Config: ac_initial_download_concurrency = 4 (default)"},"filename":"D:\\a\\xet-core\\xet-core\\xet_runtime\\src\\utils\\configuration_utils.rs","line_number":54}
{"timestamp":"2026-08-15T10:23:45.801452Z","level":"INFO","fields":{"message":"Config: unix_socket_path = None (default)"},"filename":"D:\\a\\xet-core\\xet-core\\xet_runtime\\src\\utils\\configuration_utils.rs","line_number":54}
{"timestamp":"2026-08-15T10:23:45.801455Z","level":"INFO","fields":{"message":"Config: reconstruction_api_version = None (default)"},"filename":"D:\\a\\xet-core\\xet-core\\xet_runtime\\src\\utils\\configuration_utils.rs","line_number":54}
{"timestamp":"2026-08-15T10:23:45.801458Z","level":"INFO","fields":{"message":"Config: shard_api_version = None (default)"},"filename":"D:\\a\\xet-core\\xet-core\\xet_runtime\\src\\utils\\configuration_utils.rs","line_number":54}
{"timestamp":"2026-08-15T10:23:45.801460Z","level":"INFO","fields":{"message":"Config: enable_multirange_fetching = false (default)"},"filename":"D:\\a\\xet-core\\xet-core\\xet_runtime\\src\\utils\\configuration_utils.rs","line_number":54}
{"timestamp":"2026-08-15T10:23:45.801463Z","level":"INFO","fields":{"message":"Config: dest = None (default)"},"filename":"D:\\a\\xet-core\\xet-core\\xet_runtime\\src\\utils\\configuration_utils.rs","line_number":54}
{"timestamp":"2026-08-15T10:23:45.801466Z","level":"INFO","fields":{"message":"Config: format = None (default)"},"filename":"D:\\a\\xet-core\\xet-core\\xet_runtime\\src\\utils\\configuration_utils.rs","line_number":54}
{"timestamp":"2026-08-15T10:23:45.801468Z","level":"INFO","fields":{"message":"Config: prefix = \"xet\" (default)"},"filename":"D:\\a\\xet-core\\xet-core\\xet_runtime\\src\\utils\\configuration_utils.rs","line_number":54}
{"timestamp":"2026-08-15T10:23:45.801471Z","level":"INFO","fields":{"message":"Config: dir_disable_cleanup = false (default)"},"filename":"D:\\a\\xet-core\\xet-core\\xet_runtime\\src\\utils\\configuration_utils.rs","line_number":54}
{"timestamp":"2026-08-15T10:23:45.801474Z","level":"INFO","fields":{"message":"Config: dir_max_size = 250MB (default)"},"filename":"D:\\a\\xet-core\\xet-core\\xet_runtime\\src\\utils\\configuration_utils.rs","line_number":54}
{"timestamp":"2026-08-15T10:23:45.801477Z","level":"INFO","fields":{"message":"Config: dir_min_deletion_age = 86400s (default)"},"filename":"D:\\a\\xet-core\\xet-core\\xet_runtime\\src\\utils\\configuration_utils.rs","line_number":54}
{"timestamp":"2026-08-15T10:23:45.801480Z","level":"INFO","fields":{"message":"Config: dir_max_retention_age = 1209600s (default)"},"filename":"D:\\a\\xet-core\\xet-core\\xet_runtime\\src\\utils\\configuration_utils.rs","line_number":54}
{"timestamp":"2026-08-15T10:23:45.801483Z","level":"INFO","fields":{"message":"Config: min_reconstruction_fetch_size = 256MB (default)"},"filename":"D:\\a\\xet-core\\xet-core\\xet_runtime\\src\\utils\\configuration_utils.rs","line_number":54}
{"timestamp":"2026-08-15T10:23:45.801486Z","level":"INFO","fields":{"message":"Config: max_reconstruction_fetch_size = 8GB (default)"},"filename":"D:\\a\\xet-core\\xet-core\\xet_runtime\\src\\utils\\configuration_utils.rs","line_number":54}
{"timestamp":"2026-08-15T10:23:45.801489Z","level":"INFO","fields":{"message":"Config: download_buffer_size = 2GB (default)"},"filename":"D:\\a\\xet-core\\xet-core\\xet_runtime\\src\\utils\\configuration_utils.rs","line_number":54}
{"timestamp":"2026-08-15T10:23:45.801492Z","level":"INFO","fields":{"message":"Config: download_buffer_perfile_size = 512MB (default)"},"filename":"D:\\a\\xet-core\\xet-core\\xet_runtime\\src\\utils\\configuration_utils.rs","line_number":54}
{"timestamp":"2026-08-15T10:23:45.801495Z","level":"INFO","fields":{"message":"Config: download_buffer_limit = 8GB (default)"},"filename":"D:\\a\\xet-core\\xet-core\\xet_runtime\\src\\utils\\configuration_utils.rs","line_number":54}
{"timestamp":"2026-08-15T10:23:45.801498Z","level":"INFO","fields":{"message":"Config: completion_rate_estimator_half_life = 4.0 (default)"},"filename":"D:\\a\\xet-core\\xet-core\\xet_runtime\\src\\utils\\configuration_utils.rs","line_number":54}
{"timestamp":"2026-08-15T10:23:45.801501Z","level":"INFO","fields":{"message":"Config: target_block_completion_time = 900s (default)"},"filename":"D:\\a\\xet-core\\xet-core\\xet_runtime\\src\\utils\\configuration_utils.rs","line_number":54}
{"timestamp":"2026-08-15T10:23:45.801504Z","level":"INFO","fields":{"message":"Config: min_prefetch_buffer = 1GB (default)"},"filename":"D:\\a\\xet-core\\xet-core\\xet_runtime\\src\\utils\\configuration_utils.rs","line_number":54}
{"timestamp":"2026-08-15T10:23:45.801507Z","level":"INFO","fields":{"message":"Config: use_vectored_write = true (default)"},"filename":"D:\\a\\xet-core\\xet-core\\xet_runtime\\src\\utils\\configuration_utils.rs","line_number":54}
{"timestamp":"2026-08-15T10:23:45.801510Z","level":"INFO","fields":{"message":"Config: compression_scheme_retest_interval = 32 (default)"},"filename":"D:\\a\\xet-core\\xet-core\\xet_runtime\\src\\utils\\configuration_utils.rs","line_number":54}
{"timestamp":"2026-08-15T10:23:45.801514Z","level":"INFO","fields":{"message":"Config: compression_policy = \"auto\" (default)"},"filename":"D:\\a\\xet-core\\xet-core\\xet_runtime\\src\\utils\\config_enum.rs","line_number":174}
{"timestamp":"2026-08-15T10:23:45.801518Z","level":"INFO","fields":{"message":"Config: simulation_max_bytes = None (default)"},"filename":"D:\\a\\xet-core\\xet-core\\xet_runtime\\src\\utils\\configuration_utils.rs","line_number":54}
{"timestamp":"2026-08-15T10:23:45.801520Z","level":"INFO","fields":{"message":"Config: simulation_max_chunks = None (default)"},"filename":"D:\\a\\xet-core\\xet-core\\xet_runtime\\src\\utils\\configuration_utils.rs","line_number":54}
{"timestamp":"2026-08-15T10:23:45.801526Z","level":"INFO","fields":{"message":"Config: dir_name = \"shard-session\" (default)"},"filename":"D:\\a\\xet-core\\xet-core\\xet_runtime\\src\\utils\\configuration_utils.rs","line_number":54}
{"timestamp":"2026-08-15T10:23:45.801529Z","level":"INFO","fields":{"message":"Config: enabled = false (default)"},"filename":"D:\\a\\xet-core\\xet-core\\xet_runtime\\src\\utils\\configuration_utils.rs","line_number":54}
{"timestamp":"2026-08-15T10:23:45.801531Z","level":"INFO","fields":{"message":"Config: sample_interval = 5s (default)"},"filename":"D:\\a\\xet-core\\xet-core\\xet_runtime\\src\\utils\\configuration_utils.rs","line_number":54}
{"timestamp":"2026-08-15T10:23:45.801534Z","level":"INFO","fields":{"message":"Config: log_path = None (default)"},"filename":"D:\\a\\xet-core\\xet-core\\xet_runtime\\src\\utils\\configuration_utils.rs","line_number":54}
{"timestamp":"2026-08-15T10:23:45.801560Z","level":"INFO","fields":{"message":"Using 16 async threads for tokio runtime"},"filename":"D:\\a\\xet-core\\xet-core\\xet_runtime\\src\\core\\runtime\\native.rs","line_number":63}
{"timestamp":"2026-08-15T10:23:45.802519Z","level":"INFO","fields":{"message":"Session created, session_id=01a004f2-f28a-70b3-a4c2-a79e87d37e2c"},"filename":"D:\\a\\xet-core\\xet-core\\xet_pkg\\src\\xet_session\\session.rs","line_number":192}
{"timestamp":"2026-08-15T10:23:45.803965Z","level":"INFO","fields":{"message":"CAS auth disabled","caller":"D:\\a\\xet-core\\xet-core\\xet_client\\src\\common\\http_client.rs:166"},"filename":"D:\\a\\xet-core\\xet-core\\xet_runtime\\src\\error_printer\\mod.rs","line_number":198}
{"timestamp":"2026-08-15T10:23:45.804159Z","level":"INFO","fields":{"message":"HTTP client configured","idle_timeout":"60s","max_idle_connections":16,"custom_headers":"Some({\"user-agent\": \"datasets/5.0.1; hf_hub/1.27.0; python/3.14.5; torch/2.13.0; pyarrow/25.0.1\"})"},"filename":"D:\\a\\xet-core\\xet-core\\xet_client\\src\\common\\http_client.rs","line_number":187}
{"timestamp":"2026-08-15T10:23:45.804193Z","level":"INFO","fields":{"message":"Retry strategy","retry":"RetryWrapper { max_attempts: 5, base_delay: 3s, max_duration: 360s, no_retry_on_429: false, retry_on_403: false, expected_416: false, expected_404: false, log_errors_as_info: false, api_tag: \"xet-token\", has_connection_permit: false }"},"filename":"D:\\a\\xet-core\\xet-core\\xet_client\\src\\cas_client\\retry_wrapper.rs","line_number":274}
{"timestamp":"2026-08-15T10:23:46.144390Z","level":"INFO","fields":{"message":"Received CAS response","request_id":"Root=1-6a803e32-28518c657e44b9236f0c80c8","status_code":200},"filename":"D:\\a\\xet-core\\xet-core\\xet_client\\src\\common\\http_client.rs","line_number":288}
{"timestamp":"2026-08-15T10:23:46.144436Z","level":"INFO","fields":{"message":"Request Success: xet-token api call succeeded (request id Root=1-6a803e32-28518c657e44b9236f0c80c8)."},"filename":"D:\\a\\xet-core\\xet-core\\xet_client\\src\\cas_client\\retry_wrapper.rs","line_number":237}
{"timestamp":"2026-08-15T10:23:46.146253Z","level":"INFO","fields":{"message":"TranslatorConfig initialized","endpoint":"https://cas-server.xethub.hf.co","session_id":"Some(\"01a004f2-f3e0-7071-9548-de24b3bbe25a\")","shard_cache":"C:\\Users\\nirsh\\OneDrive\\Documents\\Placement Prep\\bert-vs-gpt2\\hf_cache\\xet\\https___cas_serv-tGqkUaZf_CBPHQ6h\\shard-cache","shard_session":"C:\\Users\\nirsh\\OneDrive\\Documents\\Placement Prep\\bert-vs-gpt2\\hf_cache\\xet\\https___cas_serv-tGqkUaZf_CBPHQ6h\\staging\\shard-session"},"filename":"D:\\a\\xet-core\\xet-core\\xet_data\\src\\processing\\configurations.rs","line_number":127}
{"timestamp":"2026-08-15T10:23:46.146393Z","level":"INFO","fields":{"message":"HTTP client configured","idle_timeout":"60s","max_idle_connections":16,"custom_headers":"Some({\"user-agent\": \"datasets/5.0.1; hf_hub/1.27.0; python/3.14.5; torch/2.13.0; pyarrow/25.0.1; hf_xet/1.6.0\"})"},"filename":"D:\\a\\xet-core\\xet-core\\xet_client\\src\\common\\http_client.rs","line_number":187}
{"timestamp":"2026-08-15T10:23:46.146412Z","level":"INFO","fields":{"message":"CAS auth disabled","caller":"D:\\a\\xet-core\\xet-core\\xet_client\\src\\common\\http_client.rs:166"},"filename":"D:\\a\\xet-core\\xet-core\\xet_runtime\\src\\error_printer\\mod.rs","line_number":198}
{"timestamp":"2026-08-15T10:23:46.146418Z","level":"INFO","fields":{"message":"HTTP client configured","idle_timeout":"60s","max_idle_connections":16,"custom_headers":"Some({\"user-agent\": \"datasets/5.0.1; hf_hub/1.27.0; python/3.14.5; torch/2.13.0; pyarrow/25.0.1; hf_xet/1.6.0\"})"},"filename":"D:\\a\\xet-core\\xet-core\\xet_client\\src\\common\\http_client.rs","line_number":187}
{"timestamp":"2026-08-15T10:23:46.146450Z","level":"INFO","fields":{"message":"No-read-timeout HTTP client configured (for shard uploads)","connect_timeout":"60s"},"filename":"D:\\a\\xet-core\\xet-core\\xet_client\\src\\common\\http_client.rs","line_number":136}
{"timestamp":"2026-08-15T10:23:46.146464Z","level":"INFO","fields":{"message":"Initializing Adaptive Concurrency Controller for upload with starting concurrency = 2; min = 1, max = 64, min_bytes_for_adjustment = 20000000, min_completed_transmissions_for_adjustment = 1"},"filename":"D:\\a\\xet-core\\xet-core\\xet_client\\src\\cas_client\\adaptive_concurrency\\controller.rs","line_number":306}
{"timestamp":"2026-08-15T10:23:46.146472Z","level":"INFO","fields":{"message":"Initializing Adaptive Concurrency Controller for download with starting concurrency = 4; min = 1, max = 64, min_bytes_for_adjustment = 20000000, min_completed_transmissions_for_adjustment = 1"},"filename":"D:\\a\\xet-core\\xet-core\\xet_client\\src\\cas_client\\adaptive_concurrency\\controller.rs","line_number":306}
{"timestamp":"2026-08-15T10:23:46.146538Z","level":"INFO","fields":{"message":"New file download group, session_id=01a004f2-f28a-70b3-a4c2-a79e87d37e2c, group_id=1"},"filename":"D:\\a\\xet-core\\xet-core\\xet_pkg\\src\\xet_session\\file_download_group.rs","line_number":61}
{"timestamp":"2026-08-15T10:23:46.146684Z","level":"INFO","fields":{"message":"Download file to path","group_id":"1","dest_path":"\"C:\\\\Users\\\\nirsh\\\\.cache\\\\huggingface\\\\hub\\\\datasets--mteb--banking77\\\\blobs\\\\482d07d5f8027debcaca8fb3b8fa9da9d81a01318bba746eb36e5bb4fcd785af.914393a8.incomplete\"","hash":"7e797ff1d2127a4e4c117c4dd9c1d493071f238f983bf4f8ccd8840ca8a38ca8"},"filename":"D:\\a\\xet-core\\xet-core\\xet_pkg\\src\\xet_session\\file_download_group.rs","line_number":287}
{"timestamp":"2026-08-15T10:23:46.146806Z","level":"INFO","fields":{"message":"Reconstructing file to disk","file_hash":"7e797ff1d2127a4e4c117c4dd9c1d493071f238f983bf4f8ccd8840ca8a38ca8","byte_range":"None","path":"C:\\Users\\nirsh\\.cache\\huggingface\\hub\\datasets--mteb--banking77\\blobs\\482d07d5f8027debcaca8fb3b8fa9da9d81a01318bba746eb36e5bb4fcd785af.914393a8.incomplete","write_offset":"None"},"filename":"D:\\a\\xet-core\\xet-core\\xet_data\\src\\file_reconstruction\\file_reconstructor.rs","line_number":126}
{"timestamp":"2026-08-15T10:23:46.147331Z","level":"INFO","fields":{"message":"Scheduling prefetch block","file_hash":"7e797ff1d2127a4e4c117c4dd9c1d493071f238f983bf4f8ccd8840ca8a38ca8","prefetch_range":"(0, 256000000)","requested_block_size":256000000,"actual_block_size":256000000,"queue_depth":1},"filename":"D:\\a\\xet-core\\xet-core\\xet_data\\src\\file_reconstruction\\reconstruction_terms\\manager.rs","line_number":277}
{"timestamp":"2026-08-15T10:23:46.147362Z","level":"INFO","fields":{"message":"Scheduling prefetch block","file_hash":"7e797ff1d2127a4e4c117c4dd9c1d493071f238f983bf4f8ccd8840ca8a38ca8","prefetch_range":"(256000000, 768000000)","requested_block_size":512000000,"actual_block_size":512000000,"queue_depth":2},"filename":"D:\\a\\xet-core\\xet-core\\xet_data\\src\\file_reconstruction\\reconstruction_terms\\manager.rs","line_number":277}
{"timestamp":"2026-08-15T10:23:46.147378Z","level":"INFO","fields":{"message":"Scheduling prefetch block","file_hash":"7e797ff1d2127a4e4c117c4dd9c1d493071f238f983bf4f8ccd8840ca8a38ca8","prefetch_range":"(768000000, 1024000000)","requested_block_size":256000000,"actual_block_size":256000000,"queue_depth":3},"filename":"D:\\a\\xet-core\\xet-core\\xet_data\\src\\file_reconstruction\\reconstruction_terms\\manager.rs","line_number":277}
{"timestamp":"2026-08-15T10:23:46.147412Z","level":"INFO","fields":{"message":"Starting get_reconstruction API call","call_id":1,"file_id":"7e797ff1d2127a4e4c117c4dd9c1d493071f238f983bf4f8ccd8840ca8a38ca8","bytes_range":"Some(Range { start: 768000000, end: 1024000000 })","api_version":"v2"},"filename":"D:\\a\\xet-core\\xet-core\\xet_client\\src\\cas_client\\remote_client.rs","line_number":214}
{"timestamp":"2026-08-15T10:23:46.147433Z","level":"INFO","fields":{"message":"Retry strategy","retry":"RetryWrapper { max_attempts: 5, base_delay: 3s, max_duration: 360s, no_retry_on_429: false, retry_on_403: false, expected_416: true, expected_404: false, log_errors_as_info: false, api_tag: \"cas::get_reconstruction_v2\", has_connection_permit: false }"},"filename":"D:\\a\\xet-core\\xet-core\\xet_client\\src\\cas_client\\retry_wrapper.rs","line_number":274}
{"timestamp":"2026-08-15T10:23:46.147469Z","level":"INFO","fields":{"message":"Download group finish","group_id":"1"},"filename":"D:\\a\\xet-core\\xet-core\\xet_pkg\\src\\xet_session\\file_download_group.rs","line_number":306}
{"timestamp":"2026-08-15T10:23:46.147468Z","level":"INFO","fields":{"message":"Starting get_reconstruction API call","call_id":3,"file_id":"7e797ff1d2127a4e4c117c4dd9c1d493071f238f983bf4f8ccd8840ca8a38ca8","bytes_range":"Some(Range { start: 256000000, end: 768000000 })","api_version":"v2"},"filename":"D:\\a\\xet-core\\xet-core\\xet_client\\src\\cas_client\\remote_client.rs","line_number":214}
{"timestamp":"2026-08-15T10:23:46.147471Z","level":"INFO","fields":{"message":"Starting get_reconstruction API call","call_id":2,"file_id":"7e797ff1d2127a4e4c117c4dd9c1d493071f238f983bf4f8ccd8840ca8a38ca8","bytes_range":"Some(Range { start: 0, end: 256000000 })","api_version":"v2"},"filename":"D:\\a\\xet-core\\xet-core\\xet_client\\src\\cas_client\\remote_client.rs","line_number":214}
{"timestamp":"2026-08-15T10:23:46.147485Z","level":"INFO","fields":{"message":"Retry strategy","retry":"RetryWrapper { max_attempts: 5, base_delay: 3s, max_duration: 360s, no_retry_on_429: false, retry_on_403: false, expected_416: true, expected_404: false, log_errors_as_info: false, api_tag: \"cas::get_reconstruction_v2\", has_connection_permit: false }"},"filename":"D:\\a\\xet-core\\xet-core\\xet_client\\src\\cas_client\\retry_wrapper.rs","line_number":274}
{"timestamp":"2026-08-15T10:23:46.147491Z","level":"INFO","fields":{"message":"Retry strategy","retry":"RetryWrapper { max_attempts: 5, base_delay: 3s, max_duration: 360s, no_retry_on_429: false, retry_on_403: false, expected_416: true, expected_404: false, log_errors_as_info: false, api_tag: \"cas::get_reconstruction_v2\", has_connection_permit: false }"},"filename":"D:\\a\\xet-core\\xet-core\\xet_client\\src\\cas_client\\retry_wrapper.rs","line_number":274}
{"timestamp":"2026-08-15T10:23:47.122361Z","level":"INFO","fields":{"message":"Received CAS response","request_id":"01M02F5YAZXKEYJTG5TWJJY8A1","status_code":416},"filename":"D:\\a\\xet-core\\xet-core\\xet_client\\src\\common\\http_client.rs","line_number":288}
{"timestamp":"2026-08-15T10:23:47.122405Z","level":"INFO","fields":{"message":"Reached end of reconstruction 416 (Range Not Satisfiable): \"cas::get_reconstruction_v2\" api call failed (request id 01M02F5YAZXKEYJTG5TWJJY8A1): HTTP status client error (416 Range Not Satisfiable) for url (https://cas-server.xethub.hf.co/v2/reconstructions/7e797ff1d2127a4e4c117c4dd9c1d493071f238f983bf4f8ccd8840ca8a38ca8)"},"filename":"D:\\a\\xet-core\\xet-core\\xet_client\\src\\cas_client\\retry_wrapper.rs","line_number":189}
{"timestamp":"2026-08-15T10:23:47.133153Z","level":"INFO","fields":{"message":"Received CAS response","request_id":"01M02F5YBCD2TR6PEAYN6QD0DC","status_code":416},"filename":"D:\\a\\xet-core\\xet-core\\xet_client\\src\\common\\http_client.rs","line_number":288}
{"timestamp":"2026-08-15T10:23:47.133201Z","level":"INFO","fields":{"message":"Reached end of reconstruction 416 (Range Not Satisfiable): \"cas::get_reconstruction_v2\" api call failed (request id 01M02F5YBCD2TR6PEAYN6QD0DC): HTTP status client error (416 Range Not Satisfiable) for url (https://cas-server.xethub.hf.co/v2/reconstructions/7e797ff1d2127a4e4c117c4dd9c1d493071f238f983bf4f8ccd8840ca8a38ca8)"},"filename":"D:\\a\\xet-core\\xet-core\\xet_client\\src\\cas_client\\retry_wrapper.rs","line_number":189}
{"timestamp":"2026-08-15T10:23:48.144463Z","level":"INFO","fields":{"message":"Received CAS response","request_id":"01M02F5YB9H7WSHCMZPJY5C89B","status_code":200},"filename":"D:\\a\\xet-core\\xet-core\\xet_client\\src\\common\\http_client.rs","line_number":288}
{"timestamp":"2026-08-15T10:23:48.144498Z","level":"INFO","fields":{"message":"Request Success: cas::get_reconstruction_v2 api call succeeded (request id 01M02F5YB9H7WSHCMZPJY5C89B)."},"filename":"D:\\a\\xet-core\\xet-core\\xet_client\\src\\cas_client\\retry_wrapper.rs","line_number":237}
{"timestamp":"2026-08-15T10:23:48.144576Z","level":"INFO","fields":{"message":"Completed get_reconstruction API call","call_id":2,"file_id":"7e797ff1d2127a4e4c117c4dd9c1d493071f238f983bf4f8ccd8840ca8a38ca8","bytes_range":"Some(Range { start: 0, end: 256000000 })","api_version":"v2"},"filename":"D:\\a\\xet-core\\xet-core\\xet_client\\src\\cas_client\\remote_client.rs","line_number":238}
{"timestamp":"2026-08-15T10:23:48.144656Z","level":"INFO","fields":{"message":"Received block of file terms from prefetch queue","file_hash":"7e797ff1d2127a4e4c117c4dd9c1d493071f238f983bf4f8ccd8840ca8a38ca8","domain":"us.aws.cdn.hf.co","block_start":0,"block_end":294377,"block_size":1},"filename":"D:\\a\\xet-core\\xet-core\\xet_data\\src\\file_reconstruction\\reconstruction_terms\\manager.rs","line_number":156}
{"timestamp":"2026-08-15T10:23:48.144710Z","level":"INFO","fields":{"message":"Updated completion rate estimate based on previous block completion time (seconds).","file_hash":"7e797ff1d2127a4e4c117c4dd9c1d493071f238f983bf4f8ccd8840ca8a38ca8","block_start":0,"block_end":294377,"block_size":294377,"completion_time":0.0000532},"filename":"D:\\a\\xet-core\\xet-core\\xet_data\\src\\file_reconstruction\\reconstruction_terms\\manager.rs","line_number":109}
{"timestamp":"2026-08-15T10:23:48.144728Z","level":"INFO","fields":{"message":"Completed prefetch queue; end of file reached.","file_hash":"7e797ff1d2127a4e4c117c4dd9c1d493071f238f983bf4f8ccd8840ca8a38ca8","prefetched_byte_position":1024000000},"filename":"D:\\a\\xet-core\\xet-core\\xet_data\\src\\file_reconstruction\\reconstruction_terms\\manager.rs","line_number":183}
{"timestamp":"2026-08-15T10:23:48.144738Z","level":"INFO","fields":{"message":"All term blocks received and scheduled for writing","file_hash":"7e797ff1d2127a4e4c117c4dd9c1d493071f238f983bf4f8ccd8840ca8a38ca8","block_count":1,"total_terms_processed":1,"total_bytes_scheduled":294377},"filename":"D:\\a\\xet-core\\xet-core\\xet_data\\src\\file_reconstruction\\run_state.rs","line_number":150}
{"timestamp":"2026-08-15T10:23:48.144818Z","level":"INFO","fields":{"message":"Retry strategy","retry":"RetryWrapper { max_attempts: 5, base_delay: 3s, max_duration: 360s, no_retry_on_429: false, retry_on_403: true, expected_416: false, expected_404: false, log_errors_as_info: false, api_tag: \"s3::get_range\", has_connection_permit: true }"},"filename":"D:\\a\\xet-core\\xet-core\\xet_client\\src\\cas_client\\retry_wrapper.rs","line_number":274}
{"timestamp":"2026-08-15T10:23:48.494189Z","level":"INFO","fields":{"message":"Received CAS response","request_id":"01M02F5ZNXK8XGHSFC7KJ65JXT","status_code":206},"filename":"D:\\a\\xet-core\\xet-core\\xet_client\\src\\common\\http_client.rs","line_number":288}
{"timestamp":"2026-08-15T10:23:48.494250Z","level":"INFO","fields":{"message":"Request Success: s3::get_range api call succeeded (request id 01M02F5ZNXK8XGHSFC7KJ65JXT)."},"filename":"D:\\a\\xet-core\\xet-core\\xet_client\\src\\cas_client\\retry_wrapper.rs","line_number":237}
{"timestamp":"2026-08-15T10:23:48.772985Z","level":"INFO","fields":{"message":"File reconstruction completed successfully","file_hash":"7e797ff1d2127a4e4c117c4dd9c1d493071f238f983bf4f8ccd8840ca8a38ca8","block_count":1,"total_terms_processed":1,"total_bytes_scheduled":294377},"filename":"D:\\a\\xet-core\\xet-core\\xet_data\\src\\file_reconstruction\\run_state.rs","line_number":150}
{"timestamp":"2026-08-15T10:23:49.048844Z","level":"INFO","fields":{"message":"CAS auth disabled","caller":"D:\\a\\xet-core\\xet-core\\xet_client\\src\\common\\http_client.rs:166"},"filename":"D:\\a\\xet-core\\xet-core\\xet_runtime\\src\\error_printer\\mod.rs","line_number":198}
{"timestamp":"2026-08-15T10:23:49.048970Z","level":"INFO","fields":{"message":"HTTP client configured","idle_timeout":"60s","max_idle_connections":16,"custom_headers":"Some({\"user-agent\": \"datasets/5.0.1; hf_hub/1.27.0; python/3.14.5; torch/2.13.0; pyarrow/25.0.1\"})"},"filename":"D:\\a\\xet-core\\xet-core\\xet_client\\src\\common\\http_client.rs","line_number":187}
{"timestamp":"2026-08-15T10:23:49.048985Z","level":"INFO","fields":{"message":"Retry strategy","retry":"RetryWrapper { max_attempts: 5, base_delay: 3s, max_duration: 360s, no_retry_on_429: false, retry_on_403: false, expected_416: false, expected_404: false, log_errors_as_info: false, api_tag: \"xet-token\", has_connection_permit: false }"},"filename":"D:\\a\\xet-core\\xet-core\\xet_client\\src\\cas_client\\retry_wrapper.rs","line_number":274}
{"timestamp":"2026-08-15T10:23:49.402341Z","level":"INFO","fields":{"message":"Received CAS response","request_id":"Root=1-6a803e35-3d40ebb94bb8ae1745a7c4a6","status_code":200},"filename":"D:\\a\\xet-core\\xet-core\\xet_client\\src\\common\\http_client.rs","line_number":288}
{"timestamp":"2026-08-15T10:23:49.402373Z","level":"INFO","fields":{"message":"Request Success: xet-token api call succeeded (request id Root=1-6a803e35-3d40ebb94bb8ae1745a7c4a6)."},"filename":"D:\\a\\xet-core\\xet-core\\xet_client\\src\\cas_client\\retry_wrapper.rs","line_number":237}
{"timestamp":"2026-08-15T10:23:49.403077Z","level":"INFO","fields":{"message":"TranslatorConfig initialized","endpoint":"https://cas-server.xethub.hf.co","session_id":"Some(\"01a004f3-009a-7372-8873-bb0872d8b09b\")","shard_cache":"C:\\Users\\nirsh\\OneDrive\\Documents\\Placement Prep\\bert-vs-gpt2\\hf_cache\\xet\\https___cas_serv-tGqkUaZf_CBPHQ6h\\shard-cache","shard_session":"C:\\Users\\nirsh\\OneDrive\\Documents\\Placement Prep\\bert-vs-gpt2\\hf_cache\\xet\\https___cas_serv-tGqkUaZf_CBPHQ6h\\staging\\shard-session"},"filename":"D:\\a\\xet-core\\xet-core\\xet_data\\src\\processing\\configurations.rs","line_number":127}
{"timestamp":"2026-08-15T10:23:49.403191Z","level":"INFO","fields":{"message":"HTTP client configured","idle_timeout":"60s","max_idle_connections":16,"custom_headers":"Some({\"user-agent\": \"datasets/5.0.1; hf_hub/1.27.0; python/3.14.5; torch/2.13.0; pyarrow/25.0.1; hf_xet/1.6.0\"})"},"filename":"D:\\a\\xet-core\\xet-core\\xet_client\\src\\common\\http_client.rs","line_number":187}
{"timestamp":"2026-08-15T10:23:49.403203Z","level":"INFO","fields":{"message":"CAS auth disabled","caller":"D:\\a\\xet-core\\xet-core\\xet_client\\src\\common\\http_client.rs:166"},"filename":"D:\\a\\xet-core\\xet-core\\xet_runtime\\src\\error_printer\\mod.rs","line_number":198}
{"timestamp":"2026-08-15T10:23:49.403208Z","level":"INFO","fields":{"message":"HTTP client configured","idle_timeout":"60s","max_idle_connections":16,"custom_headers":"Some({\"user-agent\": \"datasets/5.0.1; hf_hub/1.27.0; python/3.14.5; torch/2.13.0; pyarrow/25.0.1; hf_xet/1.6.0\"})"},"filename":"D:\\a\\xet-core\\xet-core\\xet_client\\src\\common\\http_client.rs","line_number":187}
{"timestamp":"2026-08-15T10:23:49.403237Z","level":"INFO","fields":{"message":"No-read-timeout HTTP client configured (for shard uploads)","connect_timeout":"60s"},"filename":"D:\\a\\xet-core\\xet-core\\xet_client\\src\\common\\http_client.rs","line_number":136}
{"timestamp":"2026-08-15T10:23:49.403284Z","level":"INFO","fields":{"message":"New file download group, session_id=01a004f2-f28a-70b3-a4c2-a79e87d37e2c, group_id=4"},"filename":"D:\\a\\xet-core\\xet-core\\xet_pkg\\src\\xet_session\\file_download_group.rs","line_number":61}
{"timestamp":"2026-08-15T10:23:49.403479Z","level":"INFO","fields":{"message":"Download file to path","group_id":"4","dest_path":"\"C:\\\\Users\\\\nirsh\\\\.cache\\\\huggingface\\\\hub\\\\datasets--mteb--banking77\\\\blobs\\\\9575f636fdeae0c94a0f3f2d926ca8f9a2833b998cf94108936dfd5d72322bf9.b4611e70.incomplete\"","hash":"2d4f2be85761a0baa7e346482943aadf4ee46edbc5c87383781493437accb958"},"filename":"D:\\a\\xet-core\\xet-core\\xet_pkg\\src\\xet_session\\file_download_group.rs","line_number":287}
{"timestamp":"2026-08-15T10:23:49.403586Z","level":"INFO","fields":{"message":"Reconstructing file to disk","file_hash":"2d4f2be85761a0baa7e346482943aadf4ee46edbc5c87383781493437accb958","byte_range":"None","path":"C:\\Users\\nirsh\\.cache\\huggingface\\hub\\datasets--mteb--banking77\\blobs\\9575f636fdeae0c94a0f3f2d926ca8f9a2833b998cf94108936dfd5d72322bf9.b4611e70.incomplete","write_offset":"None"},"filename":"D:\\a\\xet-core\\xet-core\\xet_data\\src\\file_reconstruction\\file_reconstructor.rs","line_number":126}
{"timestamp":"2026-08-15T10:23:49.404193Z","level":"INFO","fields":{"message":"Scheduling prefetch block","file_hash":"2d4f2be85761a0baa7e346482943aadf4ee46edbc5c87383781493437accb958","prefetch_range":"(0, 256000000)","requested_block_size":256000000,"actual_block_size":256000000,"queue_depth":1},"filename":"D:\\a\\xet-core\\xet-core\\xet_data\\src\\file_reconstruction\\reconstruction_terms\\manager.rs","line_number":277}
{"timestamp":"2026-08-15T10:23:49.404224Z","level":"INFO","fields":{"message":"Scheduling prefetch block","file_hash":"2d4f2be85761a0baa7e346482943aadf4ee46edbc5c87383781493437accb958","prefetch_range":"(256000000, 768000000)","requested_block_size":512000000,"actual_block_size":512000000,"queue_depth":2},"filename":"D:\\a\\xet-core\\xet-core\\xet_data\\src\\file_reconstruction\\reconstruction_terms\\manager.rs","line_number":277}
{"timestamp":"2026-08-15T10:23:49.404238Z","level":"INFO","fields":{"message":"Scheduling prefetch block","file_hash":"2d4f2be85761a0baa7e346482943aadf4ee46edbc5c87383781493437accb958","prefetch_range":"(768000000, 1024000000)","requested_block_size":256000000,"actual_block_size":256000000,"queue_depth":3},"filename":"D:\\a\\xet-core\\xet-core\\xet_data\\src\\file_reconstruction\\reconstruction_terms\\manager.rs","line_number":277}
{"timestamp":"2026-08-15T10:23:49.404260Z","level":"INFO","fields":{"message":"Starting get_reconstruction API call","call_id":4,"file_id":"2d4f2be85761a0baa7e346482943aadf4ee46edbc5c87383781493437accb958","bytes_range":"Some(Range { start: 768000000, end: 1024000000 })","api_version":"v2"},"filename":"D:\\a\\xet-core\\xet-core\\xet_client\\src\\cas_client\\remote_client.rs","line_number":214}
{"timestamp":"2026-08-15T10:23:49.404268Z","level":"INFO","fields":{"message":"Retry strategy","retry":"RetryWrapper { max_attempts: 5, base_delay: 3s, max_duration: 360s, no_retry_on_429: false, retry_on_403: false, expected_416: true, expected_404: false, log_errors_as_info: false, api_tag: \"cas::get_reconstruction_v2\", has_connection_permit: false }"},"filename":"D:\\a\\xet-core\\xet-core\\xet_client\\src\\cas_client\\retry_wrapper.rs","line_number":274}
{"timestamp":"2026-08-15T10:23:49.404307Z","level":"INFO","fields":{"message":"Starting get_reconstruction API call","call_id":5,"file_id":"2d4f2be85761a0baa7e346482943aadf4ee46edbc5c87383781493437accb958","bytes_range":"Some(Range { start: 0, end: 256000000 })","api_version":"v2"},"filename":"D:\\a\\xet-core\\xet-core\\xet_client\\src\\cas_client\\remote_client.rs","line_number":214}
{"timestamp":"2026-08-15T10:23:49.404326Z","level":"INFO","fields":{"message":"Retry strategy","retry":"RetryWrapper { max_attempts: 5, base_delay: 3s, max_duration: 360s, no_retry_on_429: false, retry_on_403: false, expected_416: true, expected_404: false, log_errors_as_info: false, api_tag: \"cas::get_reconstruction_v2\", has_connection_permit: false }"},"filename":"D:\\a\\xet-core\\xet-core\\xet_client\\src\\cas_client\\retry_wrapper.rs","line_number":274}
{"timestamp":"2026-08-15T10:23:49.404325Z","level":"INFO","fields":{"message":"Starting get_reconstruction API call","call_id":6,"file_id":"2d4f2be85761a0baa7e346482943aadf4ee46edbc5c87383781493437accb958","bytes_range":"Some(Range { start: 256000000, end: 768000000 })","api_version":"v2"},"filename":"D:\\a\\xet-core\\xet-core\\xet_client\\src\\cas_client\\remote_client.rs","line_number":214}
{"timestamp":"2026-08-15T10:23:49.404345Z","level":"INFO","fields":{"message":"Retry strategy","retry":"RetryWrapper { max_attempts: 5, base_delay: 3s, max_duration: 360s, no_retry_on_429: false, retry_on_403: false, expected_416: true, expected_404: false, log_errors_as_info: false, api_tag: \"cas::get_reconstruction_v2\", has_connection_permit: false }"},"filename":"D:\\a\\xet-core\\xet-core\\xet_client\\src\\cas_client\\retry_wrapper.rs","line_number":274}
{"timestamp":"2026-08-15T10:23:49.404441Z","level":"INFO","fields":{"message":"Download group finish","group_id":"4"},"filename":"D:\\a\\xet-core\\xet-core\\xet_pkg\\src\\xet_session\\file_download_group.rs","line_number":306}
{"timestamp":"2026-08-15T10:23:50.356154Z","level":"INFO","fields":{"message":"Received CAS response","request_id":"01M02F61FZVCR0WEHCV06WFDJQ","status_code":416},"filename":"D:\\a\\xet-core\\xet-core\\xet_client\\src\\common\\http_client.rs","line_number":288}
{"timestamp":"2026-08-15T10:23:50.356184Z","level":"INFO","fields":{"message":"Reached end of reconstruction 416 (Range Not Satisfiable): \"cas::get_reconstruction_v2\" api call failed (request id 01M02F61FZVCR0WEHCV06WFDJQ): HTTP status client error (416 Range Not Satisfiable) for url (https://cas-server.xethub.hf.co/v2/reconstructions/2d4f2be85761a0baa7e346482943aadf4ee46edbc5c87383781493437accb958)"},"filename":"D:\\a\\xet-core\\xet-core\\xet_client\\src\\cas_client\\retry_wrapper.rs","line_number":189}
{"timestamp":"2026-08-15T10:23:50.358194Z","level":"INFO","fields":{"message":"Received CAS response","request_id":"01M02F61G21J7E0VNZYQ2W1RKV","status_code":416},"filename":"D:\\a\\xet-core\\xet-core\\xet_client\\src\\common\\http_client.rs","line_number":288}
{"timestamp":"2026-08-15T10:23:50.358210Z","level":"INFO","fields":{"message":"Reached end of reconstruction 416 (Range Not Satisfiable): \"cas::get_reconstruction_v2\" api call failed (request id 01M02F61G21J7E0VNZYQ2W1RKV): HTTP status client error (416 Range Not Satisfiable) for url (https://cas-server.xethub.hf.co/v2/reconstructions/2d4f2be85761a0baa7e346482943aadf4ee46edbc5c87383781493437accb958)"},"filename":"D:\\a\\xet-core\\xet-core\\xet_client\\src\\cas_client\\retry_wrapper.rs","line_number":189}
{"timestamp":"2026-08-15T10:23:51.378196Z","level":"INFO","fields":{"message":"Received CAS response","request_id":"01M02F61FZQ058ERN9QX4DGA5Y","status_code":200},"filename":"D:\\a\\xet-core\\xet-core\\xet_client\\src\\common\\http_client.rs","line_number":288}
{"timestamp":"2026-08-15T10:23:51.378233Z","level":"INFO","fields":{"message":"Request Success: cas::get_reconstruction_v2 api call succeeded (request id 01M02F61FZQ058ERN9QX4DGA5Y)."},"filename":"D:\\a\\xet-core\\xet-core\\xet_client\\src\\cas_client\\retry_wrapper.rs","line_number":237}
{"timestamp":"2026-08-15T10:23:51.378268Z","level":"INFO","fields":{"message":"Completed get_reconstruction API call","call_id":5,"file_id":"2d4f2be85761a0baa7e346482943aadf4ee46edbc5c87383781493437accb958","bytes_range":"Some(Range { start: 0, end: 256000000 })","api_version":"v2"},"filename":"D:\\a\\xet-core\\xet-core\\xet_client\\src\\cas_client\\remote_client.rs","line_number":238}
{"timestamp":"2026-08-15T10:23:51.378313Z","level":"INFO","fields":{"message":"Received block of file terms from prefetch queue","file_hash":"2d4f2be85761a0baa7e346482943aadf4ee46edbc5c87383781493437accb958","domain":"us.aws.cdn.hf.co","block_start":0,"block_end":91367,"block_size":1},"filename":"D:\\a\\xet-core\\xet-core\\xet_data\\src\\file_reconstruction\\reconstruction_terms\\manager.rs","line_number":156}
{"timestamp":"2026-08-15T10:23:51.378347Z","level":"INFO","fields":{"message":"Updated completion rate estimate based on previous block completion time (seconds).","file_hash":"2d4f2be85761a0baa7e346482943aadf4ee46edbc5c87383781493437accb958","block_start":0,"block_end":91367,"block_size":91367,"completion_time":0.0000327},"filename":"D:\\a\\xet-core\\xet-core\\xet_data\\src\\file_reconstruction\\reconstruction_terms\\manager.rs","line_number":109}
{"timestamp":"2026-08-15T10:23:51.378357Z","level":"INFO","fields":{"message":"Completed prefetch queue; end of file reached.","file_hash":"2d4f2be85761a0baa7e346482943aadf4ee46edbc5c87383781493437accb958","prefetched_byte_position":1024000000},"filename":"D:\\a\\xet-core\\xet-core\\xet_data\\src\\file_reconstruction\\reconstruction_terms\\manager.rs","line_number":183}
{"timestamp":"2026-08-15T10:23:51.378364Z","level":"INFO","fields":{"message":"All term blocks received and scheduled for writing","file_hash":"2d4f2be85761a0baa7e346482943aadf4ee46edbc5c87383781493437accb958","block_count":1,"total_terms_processed":1,"total_bytes_scheduled":91367},"filename":"D:\\a\\xet-core\\xet-core\\xet_data\\src\\file_reconstruction\\run_state.rs","line_number":150}
{"timestamp":"2026-08-15T10:23:51.378382Z","level":"INFO","fields":{"message":"Retry strategy","retry":"RetryWrapper { max_attempts: 5, base_delay: 3s, max_duration: 360s, no_retry_on_429: false, retry_on_403: true, expected_416: false, expected_404: false, log_errors_as_info: false, api_tag: \"s3::get_range\", has_connection_permit: true }"},"filename":"D:\\a\\xet-core\\xet-core\\xet_client\\src\\cas_client\\retry_wrapper.rs","line_number":274}
{"timestamp":"2026-08-15T10:23:51.595905Z","level":"INFO","fields":{"message":"Received CAS response","request_id":"01M02F62Q1TZ5SY5BXAVM9DEG0","status_code":206},"filename":"D:\\a\\xet-core\\xet-core\\xet_client\\src\\common\\http_client.rs","line_number":288}
{"timestamp":"2026-08-15T10:23:51.595942Z","level":"INFO","fields":{"message":"Request Success: s3::get_range api call succeeded (request id 01M02F62Q1TZ5SY5BXAVM9DEG0)."},"filename":"D:\\a\\xet-core\\xet-core\\xet_client\\src\\cas_client\\retry_wrapper.rs","line_number":237}
{"timestamp":"2026-08-15T10:23:51.705956Z","level":"INFO","fields":{"message":"File reconstruction completed successfully","file_hash":"2d4f2be85761a0baa7e346482943aadf4ee46edbc5c87383781493437accb958","block_count":1,"total_terms_processed":1,"total_bytes_scheduled":91367},"filename":"D:\\a\\xet-core\\xet-core\\xet_data\\src\\file_reconstruction\\run_state.rs","line_number":150}
{"timestamp":"2026-08-15T10:23:57.834266Z","level":"INFO","fields":{"message":"CAS auth disabled","caller":"D:\\a\\xet-core\\xet-core\\xet_client\\src\\common\\http_client.rs:166"},"filename":"D:\\a\\xet-core\\xet-core\\xet_runtime\\src\\error_printer\\mod.rs","line_number":198}
{"timestamp":"2026-08-15T10:23:57.834442Z","level":"INFO","fields":{"message":"HTTP client configured","idle_timeout":"60s","max_idle_connections":16,"custom_headers":"Some({\"user-agent\": \"unknown/None; hf_hub/1.27.0; python/3.14.5; torch/2.13.0; transformers/5.15.0; session_id/aa128cfec5864a1f9f8b15bb5c290633; file_type/model; framework/pytorch; from_auto_class/False\"})"},"filename":"D:\\a\\xet-core\\xet-core\\xet_client\\src\\common\\http_client.rs","line_number":187}
{"timestamp":"2026-08-15T10:23:57.834464Z","level":"INFO","fields":{"message":"Retry strategy","retry":"RetryWrapper { max_attempts: 5, base_delay: 3s, max_duration: 360s, no_retry_on_429: false, retry_on_403: false, expected_416: false, expected_404: false, log_errors_as_info: false, api_tag: \"xet-token\", has_connection_permit: false }"},"filename":"D:\\a\\xet-core\\xet-core\\xet_client\\src\\cas_client\\retry_wrapper.rs","line_number":274}
{"timestamp":"2026-08-15T10:23:58.108951Z","level":"INFO","fields":{"message":"Received CAS response","request_id":"Root=1-6a803e3e-34cc94173fe8a4500e69d6b6","status_code":200},"filename":"D:\\a\\xet-core\\xet-core\\xet_client\\src\\common\\http_client.rs","line_number":288}
{"timestamp":"2026-08-15T10:23:58.109005Z","level":"INFO","fields":{"message":"Request Success: xet-token api call succeeded (request id Root=1-6a803e3e-34cc94173fe8a4500e69d6b6)."},"filename":"D:\\a\\xet-core\\xet-core\\xet_client\\src\\cas_client\\retry_wrapper.rs","line_number":237}
{"timestamp":"2026-08-15T10:23:58.109957Z","level":"INFO","fields":{"message":"TranslatorConfig initialized","endpoint":"https://cas-server.xethub.hf.co","session_id":"Some(\"01a004f3-229d-7e90-ae72-d959475fe460\")","shard_cache":"C:\\Users\\nirsh\\OneDrive\\Documents\\Placement Prep\\bert-vs-gpt2\\hf_cache\\xet\\https___cas_serv-tGqkUaZf_CBPHQ6h\\shard-cache","shard_session":"C:\\Users\\nirsh\\OneDrive\\Documents\\Placement Prep\\bert-vs-gpt2\\hf_cache\\xet\\https___cas_serv-tGqkUaZf_CBPHQ6h\\staging\\shard-session"},"filename":"D:\\a\\xet-core\\xet-core\\xet_data\\src\\processing\\configurations.rs","line_number":127}
{"timestamp":"2026-08-15T10:23:58.110073Z","level":"INFO","fields":{"message":"HTTP client configured","idle_timeout":"60s","max_idle_connections":16,"custom_headers":"Some({\"user-agent\": \"unknown/None; hf_hub/1.27.0; python/3.14.5; torch/2.13.0; transformers/5.15.0; session_id/aa128cfec5864a1f9f8b15bb5c290633; file_type/model; framework/pytorch; from_auto_class/False; hf_xet/1.6.0\"})"},"filename":"D:\\a\\xet-core\\xet-core\\xet_client\\src\\common\\http_client.rs","line_number":187}
{"timestamp":"2026-08-15T10:23:58.110087Z","level":"INFO","fields":{"message":"CAS auth disabled","caller":"D:\\a\\xet-core\\xet-core\\xet_client\\src\\common\\http_client.rs:166"},"filename":"D:\\a\\xet-core\\xet-core\\xet_runtime\\src\\error_printer\\mod.rs","line_number":198}
{"timestamp":"2026-08-15T10:23:58.110092Z","level":"INFO","fields":{"message":"HTTP client configured","idle_timeout":"60s","max_idle_connections":16,"custom_headers":"Some({\"user-agent\": \"unknown/None; hf_hub/1.27.0; python/3.14.5; torch/2.13.0; transformers/5.15.0; session_id/aa128cfec5864a1f9f8b15bb5c290633; file_type/model; framework/pytorch; from_auto_class/False; hf_xet/1.6.0\"})"},"filename":"D:\\a\\xet-core\\xet-core\\xet_client\\src\\common\\http_client.rs","line_number":187}
{"timestamp":"2026-08-15T10:23:58.110127Z","level":"INFO","fields":{"message":"No-read-timeout HTTP client configured (for shard uploads)","connect_timeout":"60s"},"filename":"D:\\a\\xet-core\\xet-core\\xet_client\\src\\common\\http_client.rs","line_number":136}
{"timestamp":"2026-08-15T10:23:58.110175Z","level":"INFO","fields":{"message":"New file download group, session_id=01a004f2-f28a-70b3-a4c2-a79e87d37e2c, group_id=7"},"filename":"D:\\a\\xet-core\\xet-core\\xet_pkg\\src\\xet_session\\file_download_group.rs","line_number":61}
{"timestamp":"2026-08-15T10:23:58.110343Z","level":"INFO","fields":{"message":"Download file to path","group_id":"7","dest_path":"\"C:\\\\Users\\\\nirsh\\\\.cache\\\\huggingface\\\\hub\\\\models--gpt2\\\\blobs\\\\248dfc3911869ec493c76e65bf2fcf7f615828b0254c12b473182f0f81d3a707.32756c0c.incomplete\"","hash":"63bed80836ee0758c8fd4f8975d59bb0b864263ee2753547c358e8a37cde8758"},"filename":"D:\\a\\xet-core\\xet-core\\xet_pkg\\src\\xet_session\\file_download_group.rs","line_number":287}
{"timestamp":"2026-08-15T10:23:58.110419Z","level":"INFO","fields":{"message":"Reconstructing file to disk","file_hash":"63bed80836ee0758c8fd4f8975d59bb0b864263ee2753547c358e8a37cde8758","byte_range":"None","path":"C:\\Users\\nirsh\\.cache\\huggingface\\hub\\models--gpt2\\blobs\\248dfc3911869ec493c76e65bf2fcf7f615828b0254c12b473182f0f81d3a707.32756c0c.incomplete","write_offset":"None"},"filename":"D:\\a\\xet-core\\xet-core\\xet_data\\src\\file_reconstruction\\file_reconstructor.rs","line_number":126}
{"timestamp":"2026-08-15T10:23:58.110872Z","level":"INFO","fields":{"message":"Scheduling prefetch block","file_hash":"63bed80836ee0758c8fd4f8975d59bb0b864263ee2753547c358e8a37cde8758","prefetch_range":"(0, 256000000)","requested_block_size":256000000,"actual_block_size":256000000,"queue_depth":1},"filename":"D:\\a\\xet-core\\xet-core\\xet_data\\src\\file_reconstruction\\reconstruction_terms\\manager.rs","line_number":277}
{"timestamp":"2026-08-15T10:23:58.110892Z","level":"INFO","fields":{"message":"Scheduling prefetch block","file_hash":"63bed80836ee0758c8fd4f8975d59bb0b864263ee2753547c358e8a37cde8758","prefetch_range":"(256000000, 768000000)","requested_block_size":512000000,"actual_block_size":512000000,"queue_depth":2},"filename":"D:\\a\\xet-core\\xet-core\\xet_data\\src\\file_reconstruction\\reconstruction_terms\\manager.rs","line_number":277}
{"timestamp":"2026-08-15T10:23:58.110903Z","level":"INFO","fields":{"message":"Scheduling prefetch block","file_hash":"63bed80836ee0758c8fd4f8975d59bb0b864263ee2753547c358e8a37cde8758","prefetch_range":"(768000000, 1024000000)","requested_block_size":256000000,"actual_block_size":256000000,"queue_depth":3},"filename":"D:\\a\\xet-core\\xet-core\\xet_data\\src\\file_reconstruction\\reconstruction_terms\\manager.rs","line_number":277}
{"timestamp":"2026-08-15T10:23:58.110924Z","level":"INFO","fields":{"message":"Starting get_reconstruction API call","call_id":7,"file_id":"63bed80836ee0758c8fd4f8975d59bb0b864263ee2753547c358e8a37cde8758","bytes_range":"Some(Range { start: 768000000, end: 1024000000 })","api_version":"v2"},"filename":"D:\\a\\xet-core\\xet-core\\xet_client\\src\\cas_client\\remote_client.rs","line_number":214}
{"timestamp":"2026-08-15T10:23:58.110932Z","level":"INFO","fields":{"message":"Retry strategy","retry":"RetryWrapper { max_attempts: 5, base_delay: 3s, max_duration: 360s, no_retry_on_429: false, retry_on_403: false, expected_416: true, expected_404: false, log_errors_as_info: false, api_tag: \"cas::get_reconstruction_v2\", has_connection_permit: false }"},"filename":"D:\\a\\xet-core\\xet-core\\xet_client\\src\\cas_client\\retry_wrapper.rs","line_number":274}
{"timestamp":"2026-08-15T10:23:58.110952Z","level":"INFO","fields":{"message":"Starting get_reconstruction API call","call_id":8,"file_id":"63bed80836ee0758c8fd4f8975d59bb0b864263ee2753547c358e8a37cde8758","bytes_range":"Some(Range { start: 0, end: 256000000 })","api_version":"v2"},"filename":"D:\\a\\xet-core\\xet-core\\xet_client\\src\\cas_client\\remote_client.rs","line_number":214}
{"timestamp":"2026-08-15T10:23:58.110964Z","level":"INFO","fields":{"message":"Retry strategy","retry":"RetryWrapper { max_attempts: 5, base_delay: 3s, max_duration: 360s, no_retry_on_429: false, retry_on_403: false, expected_416: true, expected_404: false, log_errors_as_info: false, api_tag: \"cas::get_reconstruction_v2\", has_connection_permit: false }"},"filename":"D:\\a\\xet-core\\xet-core\\xet_client\\src\\cas_client\\retry_wrapper.rs","line_number":274}
{"timestamp":"2026-08-15T10:23:58.111017Z","level":"INFO","fields":{"message":"Starting get_reconstruction API call","call_id":9,"file_id":"63bed80836ee0758c8fd4f8975d59bb0b864263ee2753547c358e8a37cde8758","bytes_range":"Some(Range { start: 256000000, end: 768000000 })","api_version":"v2"},"filename":"D:\\a\\xet-core\\xet-core\\xet_client\\src\\cas_client\\remote_client.rs","line_number":214}
{"timestamp":"2026-08-15T10:23:58.111052Z","level":"INFO","fields":{"message":"Retry strategy","retry":"RetryWrapper { max_attempts: 5, base_delay: 3s, max_duration: 360s, no_retry_on_429: false, retry_on_403: false, expected_416: true, expected_404: false, log_errors_as_info: false, api_tag: \"cas::get_reconstruction_v2\", has_connection_permit: false }"},"filename":"D:\\a\\xet-core\\xet-core\\xet_client\\src\\cas_client\\retry_wrapper.rs","line_number":274}
{"timestamp":"2026-08-15T10:23:58.111722Z","level":"INFO","fields":{"message":"Download group finish","group_id":"7"},"filename":"D:\\a\\xet-core\\xet-core\\xet_pkg\\src\\xet_session\\file_download_group.rs","line_number":306}
{"timestamp":"2026-08-15T10:23:58.976946Z","level":"INFO","fields":{"message":"Received CAS response","request_id":"01M02F69XEHP78JYW5ETR6ZM0A","status_code":416},"filename":"D:\\a\\xet-core\\xet-core\\xet_client\\src\\common\\http_client.rs","line_number":288}
{"timestamp":"2026-08-15T10:23:58.976979Z","level":"INFO","fields":{"message":"Reached end of reconstruction 416 (Range Not Satisfiable): \"cas::get_reconstruction_v2\" api call failed (request id 01M02F69XEHP78JYW5ETR6ZM0A): HTTP status client error (416 Range Not Satisfiable) for url (https://cas-server.xethub.hf.co/v2/reconstructions/63bed80836ee0758c8fd4f8975d59bb0b864263ee2753547c358e8a37cde8758)"},"filename":"D:\\a\\xet-core\\xet-core\\xet_client\\src\\cas_client\\retry_wrapper.rs","line_number":189}
{"timestamp":"2026-08-15T10:23:59.353133Z","level":"INFO","fields":{"message":"Received CAS response","request_id":"01M02F69YPQ52GP12893S72D38","status_code":200},"filename":"D:\\a\\xet-core\\xet-core\\xet_client\\src\\common\\http_client.rs","line_number":288}
{"timestamp":"2026-08-15T10:23:59.353180Z","level":"INFO","fields":{"message":"Request Success: cas::get_reconstruction_v2 api call succeeded (request id 01M02F69YPQ52GP12893S72D38)."},"filename":"D:\\a\\xet-core\\xet-core\\xet_client\\src\\cas_client\\retry_wrapper.rs","line_number":237}
{"timestamp":"2026-08-15T10:23:59.353229Z","level":"INFO","fields":{"message":"Completed get_reconstruction API call","call_id":9,"file_id":"63bed80836ee0758c8fd4f8975d59bb0b864263ee2753547c358e8a37cde8758","bytes_range":"Some(Range { start: 256000000, end: 768000000 })","api_version":"v2"},"filename":"D:\\a\\xet-core\\xet-core\\xet_client\\src\\cas_client\\remote_client.rs","line_number":238}
{"timestamp":"2026-08-15T10:23:59.956182Z","level":"INFO","fields":{"message":"Received CAS response","request_id":"01M02F69YQ2GN41AES4QR284ZQ","status_code":200},"filename":"D:\\a\\xet-core\\xet-core\\xet_client\\src\\common\\http_client.rs","line_number":288}
{"timestamp":"2026-08-15T10:23:59.956208Z","level":"INFO","fields":{"message":"Request Success: cas::get_reconstruction_v2 api call succeeded (request id 01M02F69YQ2GN41AES4QR284ZQ)."},"filename":"D:\\a\\xet-core\\xet-core\\xet_client\\src\\cas_client\\retry_wrapper.rs","line_number":237}
{"timestamp":"2026-08-15T10:23:59.956238Z","level":"INFO","fields":{"message":"Completed get_reconstruction API call","call_id":8,"file_id":"63bed80836ee0758c8fd4f8975d59bb0b864263ee2753547c358e8a37cde8758","bytes_range":"Some(Range { start: 0, end: 256000000 })","api_version":"v2"},"filename":"D:\\a\\xet-core\\xet-core\\xet_client\\src\\cas_client\\remote_client.rs","line_number":238}
{"timestamp":"2026-08-15T10:23:59.956271Z","level":"INFO","fields":{"message":"Received block of file terms from prefetch queue","file_hash":"63bed80836ee0758c8fd4f8975d59bb0b864263ee2753547c358e8a37cde8758","domain":"us.aws.cdn.hf.co","block_start":0,"block_end":256000000,"block_size":4},"filename":"D:\\a\\xet-core\\xet-core\\xet_data\\src\\file_reconstruction\\reconstruction_terms\\manager.rs","line_number":156}
{"timestamp":"2026-08-15T10:23:59.956293Z","level":"INFO","fields":{"message":"Updated completion rate estimate based on previous block completion time (seconds).","file_hash":"63bed80836ee0758c8fd4f8975d59bb0b864263ee2753547c358e8a37cde8758","block_start":0,"block_end":256000000,"block_size":256000000,"completion_time":0.0000208},"filename":"D:\\a\\xet-core\\xet-core\\xet_data\\src\\file_reconstruction\\reconstruction_terms\\manager.rs","line_number":109}
{"timestamp":"2026-08-15T10:23:59.956300Z","level":"INFO","fields":{"message":"Received block of file terms from prefetch queue","file_hash":"63bed80836ee0758c8fd4f8975d59bb0b864263ee2753547c358e8a37cde8758","domain":"us.aws.cdn.hf.co","block_start":256000000,"block_end":548105171,"block_size":6},"filename":"D:\\a\\xet-core\\xet-core\\xet_data\\src\\file_reconstruction\\reconstruction_terms\\manager.rs","line_number":156}
{"timestamp":"2026-08-15T10:23:59.956313Z","level":"INFO","fields":{"message":"Updated completion rate estimate based on previous block completion time (seconds).","file_hash":"63bed80836ee0758c8fd4f8975d59bb0b864263ee2753547c358e8a37cde8758","block_start":256000000,"block_end":548105171,"block_size":292105171,"completion_time":0.0000126},"filename":"D:\\a\\xet-core\\xet-core\\xet_data\\src\\file_reconstruction\\reconstruction_terms\\manager.rs","line_number":109}
{"timestamp":"2026-08-15T10:23:59.956317Z","level":"INFO","fields":{"message":"Completed prefetch queue; end of file reached.","file_hash":"63bed80836ee0758c8fd4f8975d59bb0b864263ee2753547c358e8a37cde8758","prefetched_byte_position":1024000000},"filename":"D:\\a\\xet-core\\xet-core\\xet_data\\src\\file_reconstruction\\reconstruction_terms\\manager.rs","line_number":183}
{"timestamp":"2026-08-15T10:23:59.956320Z","level":"INFO","fields":{"message":"All term blocks received and scheduled for writing","file_hash":"63bed80836ee0758c8fd4f8975d59bb0b864263ee2753547c358e8a37cde8758","block_count":2,"total_terms_processed":10,"total_bytes_scheduled":548105171},"filename":"D:\\a\\xet-core\\xet-core\\xet_data\\src\\file_reconstruction\\run_state.rs","line_number":150}
{"timestamp":"2026-08-15T10:23:59.956335Z","level":"INFO","fields":{"message":"Retry strategy","retry":"RetryWrapper { max_attempts: 5, base_delay: 3s, max_duration: 360s, no_retry_on_429: false, retry_on_403: true, expected_416: false, expected_404: false, log_errors_as_info: false, api_tag: \"s3::get_range\", has_connection_permit: true }"},"filename":"D:\\a\\xet-core\\xet-core\\xet_client\\src\\cas_client\\retry_wrapper.rs","line_number":274}
{"timestamp":"2026-08-15T10:23:59.956360Z","level":"INFO","fields":{"message":"Retry strategy","retry":"RetryWrapper { max_attempts: 5, base_delay: 3s, max_duration: 360s, no_retry_on_429: false, retry_on_403: true, expected_416: false, expected_404: false, log_errors_as_info: false, api_tag: \"s3::get_range\", has_connection_permit: true }"},"filename":"D:\\a\\xet-core\\xet-core\\xet_client\\src\\cas_client\\retry_wrapper.rs","line_number":274}
{"timestamp":"2026-08-15T10:23:59.956354Z","level":"INFO","fields":{"message":"Retry strategy","retry":"RetryWrapper { max_attempts: 5, base_delay: 3s, max_duration: 360s, no_retry_on_429: false, retry_on_403: true, expected_416: false, expected_404: false, log_errors_as_info: false, api_tag: \"s3::get_range\", has_connection_permit: true }"},"filename":"D:\\a\\xet-core\\xet-core\\xet_client\\src\\cas_client\\retry_wrapper.rs","line_number":274}
{"timestamp":"2026-08-15T10:23:59.956373Z","level":"INFO","fields":{"message":"Retry strategy","retry":"RetryWrapper { max_attempts: 5, base_delay: 3s, max_duration: 360s, no_retry_on_429: false, retry_on_403: true, expected_416: false, expected_404: false, log_errors_as_info: false, api_tag: \"s3::get_range\", has_connection_permit: true }"},"filename":"D:\\a\\xet-core\\xet-core\\xet_client\\src\\cas_client\\retry_wrapper.rs","line_number":274}
{"timestamp":"2026-08-15T10:24:00.105526Z","level":"INFO","fields":{"message":"Received CAS response","request_id":"01M02F6B3799SF585JKR3SG43Z","status_code":206},"filename":"D:\\a\\xet-core\\xet-core\\xet_client\\src\\common\\http_client.rs","line_number":288}
{"timestamp":"2026-08-15T10:24:00.105573Z","level":"INFO","fields":{"message":"Request Success: s3::get_range api call succeeded (request id 01M02F6B3799SF585JKR3SG43Z)."},"filename":"D:\\a\\xet-core\\xet-core\\xet_client\\src\\cas_client\\retry_wrapper.rs","line_number":237}
{"timestamp":"2026-08-15T10:24:00.109703Z","level":"INFO","fields":{"message":"Received CAS response","request_id":"01M02F6B36YKBX5XFFG2CZ6DXF","status_code":206},"filename":"D:\\a\\xet-core\\xet-core\\xet_client\\src\\common\\http_client.rs","line_number":288}
{"timestamp":"2026-08-15T10:24:00.109742Z","level":"INFO","fields":{"message":"Request Success: s3::get_range api call succeeded (request id 01M02F6B36YKBX5XFFG2CZ6DXF)."},"filename":"D:\\a\\xet-core\\xet-core\\xet_client\\src\\cas_client\\retry_wrapper.rs","line_number":237}
{"timestamp":"2026-08-15T10:24:00.109996Z","level":"INFO","fields":{"message":"Received CAS response","request_id":"01M02F6B3A66CMVS2N5N7B9WCF","status_code":206},"filename":"D:\\a\\xet-core\\xet-core\\xet_client\\src\\common\\http_client.rs","line_number":288}
{"timestamp":"2026-08-15T10:24:00.110014Z","level":"INFO","fields":{"message":"Request Success: s3::get_range api call succeeded (request id 01M02F6B3A66CMVS2N5N7B9WCF)."},"filename":"D:\\a\\xet-core\\xet-core\\xet_client\\src\\cas_client\\retry_wrapper.rs","line_number":237}
{"timestamp":"2026-08-15T10:24:00.112391Z","level":"INFO","fields":{"message":"Concurrency control for download: Current concurrency = 4; predicted bandwidth = 669617; success_ratio = 1.000; reference_size = 61.0MB; observed bytes sent so far = 386549; completed transmissions = 2"},"filename":"D:\\a\\xet-core\\xet-core\\xet_client\\src\\cas_client\\adaptive_concurrency\\controller.rs","line_number":602}
{"timestamp":"2026-08-15T10:24:00.113966Z","level":"INFO","fields":{"message":"Received CAS response","request_id":"01M02F6B3D81GHG0WPMGAV1NDE","status_code":206},"filename":"D:\\a\\xet-core\\xet-core\\xet_client\\src\\common\\http_client.rs","line_number":288}
{"timestamp":"2026-08-15T10:24:00.114003Z","level":"INFO","fields":{"message":"Request Success: s3::get_range api call succeeded (request id 01M02F6B3D81GHG0WPMGAV1NDE)."},"filename":"D:\\a\\xet-core\\xet-core\\xet_client\\src\\cas_client\\retry_wrapper.rs","line_number":237}
{"timestamp":"2026-08-15T10:24:02.222842Z","level":"INFO","fields":{"message":"Concurrency control for download: Increased concurrency from 4 to 5; reason: success ratio 1.000 is above threshold 0.800 and predicted RTT for 61MB at new concurrency is 35.79s < target 60.0s"},"filename":"D:\\a\\xet-core\\xet-core\\xet_client\\src\\cas_client\\adaptive_concurrency\\controller.rs","line_number":548}
{"timestamp":"2026-08-15T10:24:02.222877Z","level":"INFO","fields":{"message":"Retry strategy","retry":"RetryWrapper { max_attempts: 5, base_delay: 3s, max_duration: 360s, no_retry_on_429: false, retry_on_403: true, expected_416: false, expected_404: false, log_errors_as_info: false, api_tag: \"s3::get_range\", has_connection_permit: true }"},"filename":"D:\\a\\xet-core\\xet-core\\xet_client\\src\\cas_client\\retry_wrapper.rs","line_number":274}
{"timestamp":"2026-08-15T10:24:02.442450Z","level":"INFO","fields":{"message":"Received CAS response","request_id":"01M02F6DB8WC2KW7VX55PRNXD0","status_code":206},"filename":"D:\\a\\xet-core\\xet-core\\xet_client\\src\\common\\http_client.rs","line_number":288}
{"timestamp":"2026-08-15T10:24:02.442483Z","level":"INFO","fields":{"message":"Request Success: s3::get_range api call succeeded (request id 01M02F6DB8WC2KW7VX55PRNXD0)."},"filename":"D:\\a\\xet-core\\xet-core\\xet_client\\src\\cas_client\\retry_wrapper.rs","line_number":237}
{"timestamp":"2026-08-15T10:24:02.846459Z","level":"INFO","fields":{"message":"Concurrency control for download: Increased concurrency from 5 to 6; reason: success ratio 1.000 is above threshold 0.800 and predicted RTT for 61MB at new concurrency is 39.83s < target 60.0s"},"filename":"D:\\a\\xet-core\\xet-core\\xet_client\\src\\cas_client\\adaptive_concurrency\\controller.rs","line_number":548}
{"timestamp":"2026-08-15T10:24:02.846494Z","level":"INFO","fields":{"message":"Retry strategy","retry":"RetryWrapper { max_attempts: 5, base_delay: 3s, max_duration: 360s, no_retry_on_429: false, retry_on_403: true, expected_416: false, expected_404: false, log_errors_as_info: false, api_tag: \"s3::get_range\", has_connection_permit: true }"},"filename":"D:\\a\\xet-core\\xet-core\\xet_client\\src\\cas_client\\retry_wrapper.rs","line_number":274}
{"timestamp":"2026-08-15T10:24:03.091198Z","level":"INFO","fields":{"message":"Retry strategy","retry":"RetryWrapper { max_attempts: 5, base_delay: 3s, max_duration: 360s, no_retry_on_429: false, retry_on_403: true, expected_416: false, expected_404: false, log_errors_as_info: false, api_tag: \"s3::get_range\", has_connection_permit: true }"},"filename":"D:\\a\\xet-core\\xet-core\\xet_client\\src\\cas_client\\retry_wrapper.rs","line_number":274}
{"timestamp":"2026-08-15T10:24:03.120628Z","level":"INFO","fields":{"message":"Received CAS response","request_id":"01M02F6E060YH33K4HNPKGJPP2","status_code":206},"filename":"D:\\a\\xet-core\\xet-core\\xet_client\\src\\common\\http_client.rs","line_number":288}
{"timestamp":"2026-08-15T10:24:03.120649Z","level":"INFO","fields":{"message":"Request Success: s3::get_range api call succeeded (request id 01M02F6E060YH33K4HNPKGJPP2)."},"filename":"D:\\a\\xet-core\\xet-core\\xet_client\\src\\cas_client\\retry_wrapper.rs","line_number":237}
{"timestamp":"2026-08-15T10:24:03.201513Z","level":"INFO","fields":{"message":"Received CAS response","request_id":"01M02F6E286C1APQZJW0GCCF1X","status_code":206},"filename":"D:\\a\\xet-core\\xet-core\\xet_client\\src\\common\\http_client.rs","line_number":288}
{"timestamp":"2026-08-15T10:24:03.201545Z","level":"INFO","fields":{"message":"Request Success: s3::get_range api call succeeded (request id 01M02F6E286C1APQZJW0GCCF1X)."},"filename":"D:\\a\\xet-core\\xet-core\\xet_client\\src\\cas_client\\retry_wrapper.rs","line_number":237}
{"timestamp":"2026-08-15T10:24:03.382588Z","level":"INFO","fields":{"message":"Concurrency control for download: Increased concurrency from 6 to 7; reason: success ratio 1.000 is above threshold 0.800 and predicted RTT for 12MB at new concurrency is 8.53s < target 60.0s"},"filename":"D:\\a\\xet-core\\xet-core\\xet_client\\src\\cas_client\\adaptive_concurrency\\controller.rs","line_number":548}
{"timestamp":"2026-08-15T10:24:03.382640Z","level":"INFO","fields":{"message":"Retry strategy","retry":"RetryWrapper { max_attempts: 5, base_delay: 3s, max_duration: 360s, no_retry_on_429: false, retry_on_403: true, expected_416: false, expected_404: false, log_errors_as_info: false, api_tag: \"s3::get_range\", has_connection_permit: true }"},"filename":"D:\\a\\xet-core\\xet-core\\xet_client\\src\\cas_client\\retry_wrapper.rs","line_number":274}
{"timestamp":"2026-08-15T10:24:03.675412Z","level":"INFO","fields":{"message":"Received CAS response","request_id":"01M02F6EH5W0NBD2KW75HPJY0K","status_code":206},"filename":"D:\\a\\xet-core\\xet-core\\xet_client\\src\\common\\http_client.rs","line_number":288}
{"timestamp":"2026-08-15T10:24:03.675434Z","level":"INFO","fields":{"message":"Request Success: s3::get_range api call succeeded (request id 01M02F6EH5W0NBD2KW75HPJY0K)."},"filename":"D:\\a\\xet-core\\xet-core\\xet_client\\src\\cas_client\\retry_wrapper.rs","line_number":237}
{"timestamp":"2026-08-15T10:24:03.892318Z","level":"INFO","fields":{"message":"Concurrency control for download: Increased concurrency from 7 to 8; reason: success ratio 1.000 is above threshold 0.800 and predicted RTT for 12MB at new concurrency is 9.64s < target 60.0s"},"filename":"D:\\a\\xet-core\\xet-core\\xet_client\\src\\cas_client\\adaptive_concurrency\\controller.rs","line_number":548}
{"timestamp":"2026-08-15T10:24:03.892355Z","level":"INFO","fields":{"message":"Retry strategy","retry":"RetryWrapper { max_attempts: 5, base_delay: 3s, max_duration: 360s, no_retry_on_429: false, retry_on_403: true, expected_416: false, expected_404: false, log_errors_as_info: false, api_tag: \"s3::get_range\", has_connection_permit: true }"},"filename":"D:\\a\\xet-core\\xet-core\\xet_client\\src\\cas_client\\retry_wrapper.rs","line_number":274}
{"timestamp":"2026-08-15T10:24:04.092045Z","level":"INFO","fields":{"message":"Received CAS response","request_id":"01M02F6EZ94CQ5WXPMPD2JRRAZ","status_code":206},"filename":"D:\\a\\xet-core\\xet-core\\xet_client\\src\\common\\http_client.rs","line_number":288}
{"timestamp":"2026-08-15T10:24:04.092065Z","level":"INFO","fields":{"message":"Request Success: s3::get_range api call succeeded (request id 01M02F6EZ94CQ5WXPMPD2JRRAZ)."},"filename":"D:\\a\\xet-core\\xet-core\\xet_client\\src\\cas_client\\retry_wrapper.rs","line_number":237}
{"timestamp":"2026-08-15T10:24:04.422296Z","level":"INFO","fields":{"message":"Concurrency control for download: Increased concurrency from 8 to 9; reason: success ratio 1.000 is above threshold 0.800 and predicted RTT for 12MB at new concurrency is 10.48s < target 60.0s"},"filename":"D:\\a\\xet-core\\xet-core\\xet_client\\src\\cas_client\\adaptive_concurrency\\controller.rs","line_number":548}
{"timestamp":"2026-08-15T10:24:04.422366Z","level":"INFO","fields":{"message":"Retry strategy","retry":"RetryWrapper { max_attempts: 5, base_delay: 3s, max_duration: 360s, no_retry_on_429: false, retry_on_403: true, expected_416: false, expected_404: false, log_errors_as_info: false, api_tag: \"s3::get_range\", has_connection_permit: true }"},"filename":"D:\\a\\xet-core\\xet-core\\xet_client\\src\\cas_client\\retry_wrapper.rs","line_number":274}
{"timestamp":"2026-08-15T10:24:04.708195Z","level":"INFO","fields":{"message":"Received CAS response","request_id":"01M02F6FHBWKPSEG8GFAF3YMJW","status_code":206},"filename":"D:\\a\\xet-core\\xet-core\\xet_client\\src\\common\\http_client.rs","line_number":288}
{"timestamp":"2026-08-15T10:24:04.708229Z","level":"INFO","fields":{"message":"Request Success: s3::get_range api call succeeded (request id 01M02F6FHBWKPSEG8GFAF3YMJW)."},"filename":"D:\\a\\xet-core\\xet-core\\xet_client\\src\\cas_client\\retry_wrapper.rs","line_number":237}
{"timestamp":"2026-08-15T10:24:04.937667Z","level":"INFO","fields":{"message":"Concurrency control for download: Increased concurrency from 9 to 10; reason: success ratio 1.000 is above threshold 0.800 and predicted RTT for 12MB at new concurrency is 11.39s < target 60.0s"},"filename":"D:\\a\\xet-core\\xet-core\\xet_client\\src\\cas_client\\adaptive_concurrency\\controller.rs","line_number":548}
{"timestamp":"2026-08-15T10:24:05.524069Z","level":"INFO","fields":{"message":"Concurrency control for download: Increased concurrency from 10 to 11; reason: success ratio 1.000 is above threshold 0.800 and predicted RTT for 12MB at new concurrency is 11.85s < target 60.0s"},"filename":"D:\\a\\xet-core\\xet-core\\xet_client\\src\\cas_client\\adaptive_concurrency\\controller.rs","line_number":548}
{"timestamp":"2026-08-15T10:24:06.032656Z","level":"INFO","fields":{"message":"Concurrency control for download: Increased concurrency from 11 to 12; reason: success ratio 1.000 is above threshold 0.800 and predicted RTT for 12MB at new concurrency is 12.66s < target 60.0s"},"filename":"D:\\a\\xet-core\\xet-core\\xet_client\\src\\cas_client\\adaptive_concurrency\\controller.rs","line_number":548}
{"timestamp":"2026-08-15T10:24:06.539165Z","level":"INFO","fields":{"message":"Concurrency control for download: Increased concurrency from 12 to 13; reason: success ratio 1.000 is above threshold 0.800 and predicted RTT for 12MB at new concurrency is 13.00s < target 60.0s"},"filename":"D:\\a\\xet-core\\xet-core\\xet_client\\src\\cas_client\\adaptive_concurrency\\controller.rs","line_number":548}
{"timestamp":"2026-08-15T10:24:07.099733Z","level":"INFO","fields":{"message":"Concurrency control for download: Increased concurrency from 13 to 14; reason: success ratio 1.000 is above threshold 0.800 and predicted RTT for 12MB at new concurrency is 13.44s < target 60.0s"},"filename":"D:\\a\\xet-core\\xet-core\\xet_client\\src\\cas_client\\adaptive_concurrency\\controller.rs","line_number":548}
{"timestamp":"2026-08-15T10:24:07.635755Z","level":"INFO","fields":{"message":"Concurrency control for download: Increased concurrency from 14 to 15; reason: success ratio 1.000 is above threshold 0.800 and predicted RTT for 12MB at new concurrency is 14.16s < target 60.0s"},"filename":"D:\\a\\xet-core\\xet-core\\xet_client\\src\\cas_client\\adaptive_concurrency\\controller.rs","line_number":548}
{"timestamp":"2026-08-15T10:24:08.162897Z","level":"INFO","fields":{"message":"Concurrency control for download: Increased concurrency from 15 to 16; reason: success ratio 1.000 is above threshold 0.800 and predicted RTT for 12MB at new concurrency is 14.63s < target 60.0s"},"filename":"D:\\a\\xet-core\\xet-core\\xet_client\\src\\cas_client\\adaptive_concurrency\\controller.rs","line_number":548}
{"timestamp":"2026-08-15T10:24:08.686952Z","level":"INFO","fields":{"message":"Concurrency control for download: Increased concurrency from 16 to 17; reason: success ratio 1.000 is above threshold 0.800 and predicted RTT for 12MB at new concurrency is 15.19s < target 60.0s"},"filename":"D:\\a\\xet-core\\xet-core\\xet_client\\src\\cas_client\\adaptive_concurrency\\controller.rs","line_number":548}
{"timestamp":"2026-08-15T10:24:09.194591Z","level":"INFO","fields":{"message":"Concurrency control for download: Increased concurrency from 17 to 18; reason: success ratio 1.000 is above threshold 0.800 and predicted RTT for 12MB at new concurrency is 16.10s < target 60.0s"},"filename":"D:\\a\\xet-core\\xet-core\\xet_client\\src\\cas_client\\adaptive_concurrency\\controller.rs","line_number":548}
{"timestamp":"2026-08-15T10:24:09.703001Z","level":"INFO","fields":{"message":"Concurrency control for download: Increased concurrency from 18 to 19; reason: success ratio 1.000 is above threshold 0.800 and predicted RTT for 12MB at new concurrency is 16.70s < target 60.0s"},"filename":"D:\\a\\xet-core\\xet-core\\xet_client\\src\\cas_client\\adaptive_concurrency\\controller.rs","line_number":548}
{"timestamp":"2026-08-15T10:24:10.127564Z","level":"INFO","fields":{"message":"Concurrency control for download: Current concurrency = 19; predicted bandwidth = 5652913; success_ratio = 1.000; reference_size = 12.5MB; observed bytes sent so far = 105806582; completed transmissions = 3"},"filename":"D:\\a\\xet-core\\xet-core\\xet_client\\src\\cas_client\\adaptive_concurrency\\controller.rs","line_number":602}
{"timestamp":"2026-08-15T10:24:10.226540Z","level":"INFO","fields":{"message":"Concurrency control for download: Increased concurrency from 19 to 20; reason: success ratio 1.000 is above threshold 0.800 and predicted RTT for 12MB at new concurrency is 17.56s < target 60.0s"},"filename":"D:\\a\\xet-core\\xet-core\\xet_client\\src\\cas_client\\adaptive_concurrency\\controller.rs","line_number":548}
{"timestamp":"2026-08-15T10:24:10.806265Z","level":"INFO","fields":{"message":"Concurrency control for download: Increased concurrency from 20 to 21; reason: success ratio 1.000 is above threshold 0.800 and predicted RTT for 12MB at new concurrency is 18.06s < target 60.0s"},"filename":"D:\\a\\xet-core\\xet-core\\xet_client\\src\\cas_client\\adaptive_concurrency\\controller.rs","line_number":548}
{"timestamp":"2026-08-15T10:24:11.341675Z","level":"INFO","fields":{"message":"Concurrency control for download: Increased concurrency from 21 to 22; reason: success ratio 1.000 is above threshold 0.800 and predicted RTT for 12MB at new concurrency is 18.82s < target 60.0s"},"filename":"D:\\a\\xet-core\\xet-core\\xet_client\\src\\cas_client\\adaptive_concurrency\\controller.rs","line_number":548}
{"timestamp":"2026-08-15T10:24:11.907541Z","level":"INFO","fields":{"message":"Concurrency control for download: Increased concurrency from 22 to 23; reason: success ratio 1.000 is above threshold 0.800 and predicted RTT for 12MB at new concurrency is 19.66s < target 60.0s"},"filename":"D:\\a\\xet-core\\xet-core\\xet_client\\src\\cas_client\\adaptive_concurrency\\controller.rs","line_number":548}
{"timestamp":"2026-08-15T10:24:12.456787Z","level":"INFO","fields":{"message":"Concurrency control for download: Increased concurrency from 23 to 24; reason: success ratio 1.000 is above threshold 0.800 and predicted RTT for 12MB at new concurrency is 20.28s < target 60.0s"},"filename":"D:\\a\\xet-core\\xet-core\\xet_client\\src\\cas_client\\adaptive_concurrency\\controller.rs","line_number":548}
{"timestamp":"2026-08-15T10:24:13.034049Z","level":"INFO","fields":{"message":"Concurrency control for download: Increased concurrency from 24 to 25; reason: success ratio 1.000 is above threshold 0.800 and predicted RTT for 12MB at new concurrency is 20.87s < target 60.0s"},"filename":"D:\\a\\xet-core\\xet-core\\xet_client\\src\\cas_client\\adaptive_concurrency\\controller.rs","line_number":548}
{"timestamp":"2026-08-15T10:24:13.534094Z","level":"INFO","fields":{"message":"Concurrency control for download: Increased concurrency from 25 to 26; reason: success ratio 1.000 is above threshold 0.800 and predicted RTT for 12MB at new concurrency is 21.49s < target 60.0s"},"filename":"D:\\a\\xet-core\\xet-core\\xet_client\\src\\cas_client\\adaptive_concurrency\\controller.rs","line_number":548}
{"timestamp":"2026-08-15T10:24:14.073449Z","level":"INFO","fields":{"message":"Concurrency control for download: Increased concurrency from 26 to 27; reason: success ratio 1.000 is above threshold 0.800 and predicted RTT for 12MB at new concurrency is 22.01s < target 60.0s"},"filename":"D:\\a\\xet-core\\xet-core\\xet_client\\src\\cas_client\\adaptive_concurrency\\controller.rs","line_number":548}
{"timestamp":"2026-08-15T10:24:14.617403Z","level":"INFO","fields":{"message":"Concurrency control for download: Increased concurrency from 27 to 28; reason: success ratio 1.000 is above threshold 0.800 and predicted RTT for 12MB at new concurrency is 22.42s < target 60.0s"},"filename":"D:\\a\\xet-core\\xet-core\\xet_client\\src\\cas_client\\adaptive_concurrency\\controller.rs","line_number":548}
{"timestamp":"2026-08-15T10:24:15.191167Z","level":"INFO","fields":{"message":"Concurrency control for download: Increased concurrency from 28 to 29; reason: success ratio 1.000 is above threshold 0.800 and predicted RTT for 12MB at new concurrency is 22.80s < target 60.0s"},"filename":"D:\\a\\xet-core\\xet-core\\xet_client\\src\\cas_client\\adaptive_concurrency\\controller.rs","line_number":548}
{"timestamp":"2026-08-15T10:24:15.755641Z","level":"INFO","fields":{"message":"Concurrency control for download: Increased concurrency from 29 to 30; reason: success ratio 1.000 is above threshold 0.800 and predicted RTT for 12MB at new concurrency is 23.26s < target 60.0s"},"filename":"D:\\a\\xet-core\\xet-core\\xet_client\\src\\cas_client\\adaptive_concurrency\\controller.rs","line_number":548}
{"timestamp":"2026-08-15T10:24:16.318391Z","level":"INFO","fields":{"message":"Concurrency control for download: Increased concurrency from 30 to 31; reason: success ratio 1.000 is above threshold 0.800 and predicted RTT for 12MB at new concurrency is 23.58s < target 60.0s"},"filename":"D:\\a\\xet-core\\xet-core\\xet_client\\src\\cas_client\\adaptive_concurrency\\controller.rs","line_number":548}
{"timestamp":"2026-08-15T10:24:16.836606Z","level":"INFO","fields":{"message":"Concurrency control for download: Increased concurrency from 31 to 32; reason: success ratio 1.000 is above threshold 0.800 and predicted RTT for 12MB at new concurrency is 24.18s < target 60.0s"},"filename":"D:\\a\\xet-core\\xet-core\\xet_client\\src\\cas_client\\adaptive_concurrency\\controller.rs","line_number":548}
{"timestamp":"2026-08-15T10:24:17.349428Z","level":"INFO","fields":{"message":"Concurrency control for download: Increased concurrency from 32 to 33; reason: success ratio 1.000 is above threshold 0.800 and predicted RTT for 12MB at new concurrency is 24.57s < target 60.0s"},"filename":"D:\\a\\xet-core\\xet-core\\xet_client\\src\\cas_client\\adaptive_concurrency\\controller.rs","line_number":548}
{"timestamp":"2026-08-15T10:24:17.927674Z","level":"INFO","fields":{"message":"Concurrency control for download: Increased concurrency from 33 to 34; reason: success ratio 1.000 is above threshold 0.800 and predicted RTT for 12MB at new concurrency is 24.72s < target 60.0s"},"filename":"D:\\a\\xet-core\\xet-core\\xet_client\\src\\cas_client\\adaptive_concurrency\\controller.rs","line_number":548}
{"timestamp":"2026-08-15T10:24:18.504819Z","level":"INFO","fields":{"message":"Concurrency control for download: Increased concurrency from 34 to 35; reason: success ratio 1.000 is above threshold 0.800 and predicted RTT for 12MB at new concurrency is 24.92s < target 60.0s"},"filename":"D:\\a\\xet-core\\xet-core\\xet_client\\src\\cas_client\\adaptive_concurrency\\controller.rs","line_number":548}
{"timestamp":"2026-08-15T10:24:19.098383Z","level":"INFO","fields":{"message":"Concurrency control for download: Increased concurrency from 35 to 36; reason: success ratio 1.000 is above threshold 0.800 and predicted RTT for 12MB at new concurrency is 25.33s < target 60.0s"},"filename":"D:\\a\\xet-core\\xet-core\\xet_client\\src\\cas_client\\adaptive_concurrency\\controller.rs","line_number":548}
{"timestamp":"2026-08-15T10:24:19.623322Z","level":"INFO","fields":{"message":"Concurrency control for download: Increased concurrency from 36 to 37; reason: success ratio 1.000 is above threshold 0.800 and predicted RTT for 12MB at new concurrency is 25.87s < target 60.0s"},"filename":"D:\\a\\xet-core\\xet-core\\xet_client\\src\\cas_client\\adaptive_concurrency\\controller.rs","line_number":548}
{"timestamp":"2026-08-15T10:24:20.163489Z","level":"INFO","fields":{"message":"Concurrency control for download: Increased concurrency from 37 to 38; reason: success ratio 1.000 is above threshold 0.800 and predicted RTT for 12MB at new concurrency is 25.89s < target 60.0s"},"filename":"D:\\a\\xet-core\\xet-core\\xet_client\\src\\cas_client\\adaptive_concurrency\\controller.rs","line_number":548}
{"timestamp":"2026-08-15T10:24:20.163522Z","level":"INFO","fields":{"message":"Concurrency control for download: Current concurrency = 38; predicted bandwidth = 948984; success_ratio = 1.000; reference_size = 12.5MB; observed bytes sent so far = 220747174; completed transmissions = 3"},"filename":"D:\\a\\xet-core\\xet-core\\xet_client\\src\\cas_client\\adaptive_concurrency\\controller.rs","line_number":602}
{"timestamp":"2026-08-15T10:24:20.673024Z","level":"INFO","fields":{"message":"Concurrency control for download: Increased concurrency from 38 to 39; reason: success ratio 1.000 is above threshold 0.800 and predicted RTT for 12MB at new concurrency is 26.73s < target 60.0s"},"filename":"D:\\a\\xet-core\\xet-core\\xet_client\\src\\cas_client\\adaptive_concurrency\\controller.rs","line_number":548}
{"timestamp":"2026-08-15T10:24:21.198385Z","level":"INFO","fields":{"message":"Concurrency control for download: Increased concurrency from 39 to 40; reason: success ratio 1.000 is above threshold 0.800 and predicted RTT for 12MB at new concurrency is 27.02s < target 60.0s"},"filename":"D:\\a\\xet-core\\xet-core\\xet_client\\src\\cas_client\\adaptive_concurrency\\controller.rs","line_number":548}
{"timestamp":"2026-08-15T10:24:21.733459Z","level":"INFO","fields":{"message":"Concurrency control for download: Increased concurrency from 40 to 41; reason: success ratio 1.000 is above threshold 0.800 and predicted RTT for 12MB at new concurrency is 27.29s < target 60.0s"},"filename":"D:\\a\\xet-core\\xet-core\\xet_client\\src\\cas_client\\adaptive_concurrency\\controller.rs","line_number":548}
{"timestamp":"2026-08-15T10:24:22.240837Z","level":"INFO","fields":{"message":"Concurrency control for download: Increased concurrency from 41 to 42; reason: success ratio 1.000 is above threshold 0.800 and predicted RTT for 12MB at new concurrency is 27.78s < target 60.0s"},"filename":"D:\\a\\xet-core\\xet-core\\xet_client\\src\\cas_client\\adaptive_concurrency\\controller.rs","line_number":548}
{"timestamp":"2026-08-15T10:24:22.757889Z","level":"INFO","fields":{"message":"Concurrency control for download: Increased concurrency from 42 to 43; reason: success ratio 1.000 is above threshold 0.800 and predicted RTT for 12MB at new concurrency is 28.12s < target 60.0s"},"filename":"D:\\a\\xet-core\\xet-core\\xet_client\\src\\cas_client\\adaptive_concurrency\\controller.rs","line_number":548}
{"timestamp":"2026-08-15T10:24:23.287529Z","level":"INFO","fields":{"message":"Concurrency control for download: Increased concurrency from 43 to 44; reason: success ratio 1.000 is above threshold 0.800 and predicted RTT for 36MB at new concurrency is 37.28s < target 60.0s"},"filename":"D:\\a\\xet-core\\xet-core\\xet_client\\src\\cas_client\\adaptive_concurrency\\controller.rs","line_number":548}
{"timestamp":"2026-08-15T10:24:29.723904Z","level":"INFO","fields":{"message":"Concurrency control for download: Increased concurrency from 44 to 45; reason: success ratio 1.000 is above threshold 0.800 and predicted RTT for 61MB at new concurrency is 28.26s < target 60.0s"},"filename":"D:\\a\\xet-core\\xet-core\\xet_client\\src\\cas_client\\adaptive_concurrency\\controller.rs","line_number":548}
{"timestamp":"2026-08-15T10:24:30.172991Z","level":"INFO","fields":{"message":"Concurrency control for download: Current concurrency = 45; predicted bandwidth = 383306; success_ratio = 1.000; reference_size = 61.0MB; observed bytes sent so far = 333786995; completed transmissions = 8"},"filename":"D:\\a\\xet-core\\xet-core\\xet_client\\src\\cas_client\\adaptive_concurrency\\controller.rs","line_number":602}
{"timestamp":"2026-08-15T10:24:30.261489Z","level":"INFO","fields":{"message":"Concurrency control for download: Increased concurrency from 45 to 46; reason: success ratio 1.000 is above threshold 0.800 and predicted RTT for 61MB at new concurrency is 28.75s < target 60.0s"},"filename":"D:\\a\\xet-core\\xet-core\\xet_client\\src\\cas_client\\adaptive_concurrency\\controller.rs","line_number":548}
{"timestamp":"2026-08-15T10:24:30.810636Z","level":"INFO","fields":{"message":"Concurrency control for download: Increased concurrency from 46 to 47; reason: success ratio 1.000 is above threshold 0.800 and predicted RTT for 61MB at new concurrency is 28.74s < target 60.0s"},"filename":"D:\\a\\xet-core\\xet-core\\xet_client\\src\\cas_client\\adaptive_concurrency\\controller.rs","line_number":548}
{"timestamp":"2026-08-15T10:24:31.371372Z","level":"INFO","fields":{"message":"Concurrency control for download: Increased concurrency from 47 to 48; reason: success ratio 1.000 is above threshold 0.800 and predicted RTT for 61MB at new concurrency is 28.47s < target 60.0s"},"filename":"D:\\a\\xet-core\\xet-core\\xet_client\\src\\cas_client\\adaptive_concurrency\\controller.rs","line_number":548}
{"timestamp":"2026-08-15T10:24:31.921990Z","level":"INFO","fields":{"message":"Concurrency control for download: Increased concurrency from 48 to 49; reason: success ratio 1.000 is above threshold 0.800 and predicted RTT for 61MB at new concurrency is 27.52s < target 60.0s"},"filename":"D:\\a\\xet-core\\xet-core\\xet_client\\src\\cas_client\\adaptive_concurrency\\controller.rs","line_number":548}
{"timestamp":"2026-08-15T10:24:32.468257Z","level":"INFO","fields":{"message":"Concurrency control for download: Increased concurrency from 49 to 50; reason: success ratio 1.000 is above threshold 0.800 and predicted RTT for 61MB at new concurrency is 26.08s < target 60.0s"},"filename":"D:\\a\\xet-core\\xet-core\\xet_client\\src\\cas_client\\adaptive_concurrency\\controller.rs","line_number":548}
{"timestamp":"2026-08-15T10:24:32.969043Z","level":"INFO","fields":{"message":"Concurrency control for download: Increased concurrency from 50 to 51; reason: success ratio 1.000 is above threshold 0.800 and predicted RTT for 61MB at new concurrency is 24.67s < target 60.0s"},"filename":"D:\\a\\xet-core\\xet-core\\xet_client\\src\\cas_client\\adaptive_concurrency\\controller.rs","line_number":548}
{"timestamp":"2026-08-15T10:24:33.471151Z","level":"INFO","fields":{"message":"Concurrency control for download: Increased concurrency from 51 to 52; reason: success ratio 1.000 is above threshold 0.800 and predicted RTT for 61MB at new concurrency is 22.65s < target 60.0s"},"filename":"D:\\a\\xet-core\\xet-core\\xet_client\\src\\cas_client\\adaptive_concurrency\\controller.rs","line_number":548}
{"timestamp":"2026-08-15T10:24:34.144660Z","level":"INFO","fields":{"message":"Concurrency control for download: Increased concurrency from 52 to 53; reason: success ratio 1.000 is above threshold 0.800 and predicted RTT for 61MB at new concurrency is 20.66s < target 60.0s"},"filename":"D:\\a\\xet-core\\xet-core\\xet_client\\src\\cas_client\\adaptive_concurrency\\controller.rs","line_number":548}
{"timestamp":"2026-08-15T10:24:34.677248Z","level":"INFO","fields":{"message":"Concurrency control for download: Increased concurrency from 53 to 54; reason: success ratio 1.000 is above threshold 0.800 and predicted RTT for 61MB at new concurrency is 16.87s < target 60.0s"},"filename":"D:\\a\\xet-core\\xet-core\\xet_client\\src\\cas_client\\adaptive_concurrency\\controller.rs","line_number":548}
{"timestamp":"2026-08-15T10:24:35.205999Z","level":"INFO","fields":{"message":"Concurrency control for download: Increased concurrency from 54 to 55; reason: success ratio 1.000 is above threshold 0.800 and predicted RTT for 61MB at new concurrency is 14.19s < target 60.0s"},"filename":"D:\\a\\xet-core\\xet-core\\xet_client\\src\\cas_client\\adaptive_concurrency\\controller.rs","line_number":548}
{"timestamp":"2026-08-15T10:24:35.785257Z","level":"INFO","fields":{"message":"Concurrency control for download: Increased concurrency from 55 to 56; reason: success ratio 1.000 is above threshold 0.800 and predicted RTT for 61MB at new concurrency is 12.46s < target 60.0s"},"filename":"D:\\a\\xet-core\\xet-core\\xet_client\\src\\cas_client\\adaptive_concurrency\\controller.rs","line_number":548}
{"timestamp":"2026-08-15T10:24:36.335103Z","level":"INFO","fields":{"message":"Concurrency control for download: Increased concurrency from 56 to 57; reason: success ratio 1.000 is above threshold 0.800 and predicted RTT for 61MB at new concurrency is 8.51s < target 60.0s"},"filename":"D:\\a\\xet-core\\xet-core\\xet_client\\src\\cas_client\\adaptive_concurrency\\controller.rs","line_number":548}
{"timestamp":"2026-08-15T10:24:36.877921Z","level":"INFO","fields":{"message":"Concurrency control for download: Increased concurrency from 57 to 58; reason: success ratio 1.000 is above threshold 0.800 and predicted RTT for 61MB at new concurrency is 6.33s < target 60.0s"},"filename":"D:\\a\\xet-core\\xet-core\\xet_client\\src\\cas_client\\adaptive_concurrency\\controller.rs","line_number":548}
{"timestamp":"2026-08-15T10:24:37.403069Z","level":"INFO","fields":{"message":"Concurrency control for download: Increased concurrency from 58 to 59; reason: success ratio 1.000 is above threshold 0.800 and predicted RTT for 61MB at new concurrency is 6.40s < target 60.0s"},"filename":"D:\\a\\xet-core\\xet-core\\xet_client\\src\\cas_client\\adaptive_concurrency\\controller.rs","line_number":548}
{"timestamp":"2026-08-15T10:24:37.912115Z","level":"INFO","fields":{"message":"Concurrency control for download: Increased concurrency from 59 to 60; reason: success ratio 1.000 is above threshold 0.800 and predicted RTT for 61MB at new concurrency is 6.25s < target 60.0s"},"filename":"D:\\a\\xet-core\\xet-core\\xet_client\\src\\cas_client\\adaptive_concurrency\\controller.rs","line_number":548}
{"timestamp":"2026-08-15T10:24:38.532780Z","level":"INFO","fields":{"message":"Concurrency control for download: Increased concurrency from 60 to 61; reason: success ratio 1.000 is above threshold 0.800 and predicted RTT for 61MB at new concurrency is 8.38s < target 60.0s"},"filename":"D:\\a\\xet-core\\xet-core\\xet_client\\src\\cas_client\\adaptive_concurrency\\controller.rs","line_number":548}
{"timestamp":"2026-08-15T10:24:39.050188Z","level":"INFO","fields":{"message":"Concurrency control for download: Increased concurrency from 61 to 62; reason: success ratio 1.000 is above threshold 0.800 and predicted RTT for 61MB at new concurrency is 8.07s < target 60.0s"},"filename":"D:\\a\\xet-core\\xet-core\\xet_client\\src\\cas_client\\adaptive_concurrency\\controller.rs","line_number":548}
{"timestamp":"2026-08-15T10:24:39.631203Z","level":"INFO","fields":{"message":"Concurrency control for download: Increased concurrency from 62 to 63; reason: success ratio 1.000 is above threshold 0.800 and predicted RTT for 61MB at new concurrency is 12.04s < target 60.0s"},"filename":"D:\\a\\xet-core\\xet-core\\xet_client\\src\\cas_client\\adaptive_concurrency\\controller.rs","line_number":548}
{"timestamp":"2026-08-15T10:24:40.140678Z","level":"INFO","fields":{"message":"Concurrency control for download: Increased concurrency from 63 to 64; reason: success ratio 1.000 is above threshold 0.800 and predicted RTT for 61MB at new concurrency is 19.60s < target 60.0s"},"filename":"D:\\a\\xet-core\\xet-core\\xet_client\\src\\cas_client\\adaptive_concurrency\\controller.rs","line_number":548}
{"timestamp":"2026-08-15T10:24:40.209982Z","level":"INFO","fields":{"message":"Concurrency control for download: Current concurrency = 64; predicted bandwidth = 347778; success_ratio = 1.000; reference_size = 61.0MB; observed bytes sent so far = 444264307; completed transmissions = 8"},"filename":"D:\\a\\xet-core\\xet-core\\xet_client\\src\\cas_client\\adaptive_concurrency\\controller.rs","line_number":602}
{"timestamp":"2026-08-15T10:24:40.755526Z","level":"INFO","fields":{"message":"Concurrency control for download: Increased concurrency from 64 to 64; reason: success ratio 1.000 is above threshold 0.800 and predicted RTT for 61MB at new concurrency is 0.00s < target 60.0s"},"filename":"D:\\a\\xet-core\\xet-core\\xet_client\\src\\cas_client\\adaptive_concurrency\\controller.rs","line_number":548}
{"timestamp":"2026-08-15T10:24:41.357125Z","level":"INFO","fields":{"message":"Concurrency control for download: Increased concurrency from 64 to 64; reason: success ratio 1.000 is above threshold 0.800 and predicted RTT for 61MB at new concurrency is 48.64s < target 60.0s"},"filename":"D:\\a\\xet-core\\xet-core\\xet_client\\src\\cas_client\\adaptive_concurrency\\controller.rs","line_number":548}
{"timestamp":"2026-08-15T10:24:41.988626Z","level":"INFO","fields":{"message":"Concurrency control for download: Increased concurrency from 64 to 64; reason: success ratio 1.000 is above threshold 0.800 and predicted RTT for 61MB at new concurrency is 25.22s < target 60.0s"},"filename":"D:\\a\\xet-core\\xet-core\\xet_client\\src\\cas_client\\adaptive_concurrency\\controller.rs","line_number":548}
{"timestamp":"2026-08-15T10:24:42.590087Z","level":"INFO","fields":{"message":"Concurrency control for download: Increased concurrency from 64 to 64; reason: success ratio 1.000 is above threshold 0.800 and predicted RTT for 61MB at new concurrency is 24.10s < target 60.0s"},"filename":"D:\\a\\xet-core\\xet-core\\xet_client\\src\\cas_client\\adaptive_concurrency\\controller.rs","line_number":548}
{"timestamp":"2026-08-15T10:24:43.195574Z","level":"INFO","fields":{"message":"Concurrency control for download: Increased concurrency from 64 to 64; reason: success ratio 1.000 is above threshold 0.800 and predicted RTT for 61MB at new concurrency is 22.93s < target 60.0s"},"filename":"D:\\a\\xet-core\\xet-core\\xet_client\\src\\cas_client\\adaptive_concurrency\\controller.rs","line_number":548}
{"timestamp":"2026-08-15T10:24:43.420565Z","level":"INFO","fields":{"message":"File reconstruction completed successfully","file_hash":"63bed80836ee0758c8fd4f8975d59bb0b864263ee2753547c358e8a37cde8758","block_count":2,"total_terms_processed":10,"total_bytes_scheduled":548105171},"filename":"D:\\a\\xet-core\\xet-core\\xet_data\\src\\file_reconstruction\\run_state.rs","line_number":150}
